,codes
0,Ne5Q-q#aE-mHr9C-1234
1,Ea2H-x&oE-bNw9C-1234
2,Dd3W-7%eU-fGS9C-1234
3,Dh77-e$aA-mN$9C-1234
4,Cs16-c%eE-xNU9C-1234
5,Ht87-a#oU-tFj9C-1234
6,Rw9N-7$aE-dDv9C-1234
7,Sp2P-x#eU-hQ29C-1234
8,Pz61-k%eE-hRT9C-1234
9,Ck8H-1^eA-jXM9C-1234
10,Ez75-2*eA-zTv9C-1234
11,Ef1U-y*aA-nT49C-1234
12,At7J-x&eU-jWj9C-1234
13,Ry7R-g%eU-kHg9C-1234
14,Rf66-8^oA-vFg9C-1234
15,Cg2P-u@eE-rDa9C-1234
16,Zg3A-g@oA-dFD9C-1234
17,Uz1Q-b@uA-kVP9C-1234
18,Qo7Q-2%uU-dP59C-1234
19,Jf3S-h&aA-nVq9C-1234
20,Fp3M-6&uU-sT39C-1234
21,Vx8T-e#uE-bPj9C-1234
22,Js4Z-c&eA-sMK9C-1234
23,Hb79-8@uE-bV69C-1234
24,Mt4S-s%oA-gWk9C-1234
25,Tp7M-8*oE-tMp9C-1234
26,Zv5D-o*oE-rNw9C-1234
27,Bd4F-u&eE-tS$9C-1234
28,St1G-h&aA-wS79C-1234
29,Hf2D-p^oA-jZ^9C-1234
30,Sr3C-1#oE-tQ49C-1234
31,Ca6H-5#oE-dH%9C-1234
32,Ws49-b@oU-fGy9C-1234
33,Yj48-4*aA-gPU9C-1234
34,Fe47-o#eU-cDp9C-1234
35,Sb24-5$aE-cXH9C-1234
36,Fs4P-4^uE-dDh9C-1234
37,Go7Z-b&eU-rMD9C-1234
38,Jx66-g*oE-tK79C-1234
39,Hc6G-8%uU-dD69C-1234
40,Gc3R-w@oU-nX29C-1234
41,Em3U-p$oA-zWw9C-1234
42,Jn8J-v$oA-dQ%9C-1234
43,Gw3N-5$aA-pPQ9C-1234
44,Km4D-8#aE-qT19C-1234
45,Yv8M-d*uE-kG99C-1234
46,Wh8K-2#uE-qXy9C-1234
47,Rn2N-3&aE-rTZ9C-1234
48,Eh8N-o@eA-gN79C-1234
49,Cr1J-n$uA-gHf9C-1234
50,Qt5T-m^uE-nFU9C-1234
51,Gu7F-g@eU-hGB9C-1234
52,Du7Y-4^eE-bQH9C-1234
53,Kp1H-5#eE-vWY9C-1234
54,Xd9F-s%aU-tH$9C-1234
55,Fy5Y-n*aA-mGU9C-1234
56,Bq1A-j%uE-zWw9C-1234
57,Bo2D-b@oE-zCq9C-1234
58,Gf5Y-8#eU-xTK9C-1234
59,Sk73-e*aA-wF79C-1234
60,Qz96-6$oA-wHS9C-1234
61,Nc11-3%oA-zTM9C-1234
62,Rg6T-8@eA-vGn9C-1234
63,Cd73-z^uU-dZV9C-1234
64,Cd9U-k#oU-zN&9C-1234
65,Rt48-t^oE-hVa9C-1234
66,Ga5T-s*oA-pJf9C-1234
67,Xv5Q-v&oE-tCK9C-1234
68,Cp8J-a^uE-zJw9C-1234
69,Tv2Y-7@uA-nGr9C-1234
70,Zp9F-z%oA-mWs9C-1234
71,Yf3R-1#uE-xRc9C-1234
72,Gd3M-h*eE-gTV9C-1234
73,Mg9Z-6$oU-xQZ9C-1234
74,Az41-c%oE-hT^9C-1234
75,Md5Z-r*eE-dRB9C-1234
76,Gs76-9*eA-gWB9C-1234
77,Yc1K-h^aA-tQv9C-1234
78,Cb49-j%uA-tMu9C-1234
79,Mh52-v%eA-wBF9C-1234
80,Rb95-x%aU-vK^9C-1234
81,Cw1Z-2$aU-tNu9C-1234
82,Ur1H-r$eE-kN19C-1234
83,Bo9N-q^eU-fM@9C-1234
84,Bq9Q-2$uU-hZf9C-1234
85,Vb7H-d@aE-dRB9C-1234
86,Zw41-6@aU-qX^9C-1234
87,Wk3X-6%aA-qFZ9C-1234
88,Hg3U-y^oA-qSX9C-1234
89,Ud8W-5%eU-kZP9C-1234
90,Xv6B-h&eA-nWP9C-1234
91,Ch4H-s%oE-pC89C-1234
92,Bg8R-u%uU-vXY9C-1234
93,Au6Y-8*eU-pQr9C-1234
94,Ae6Z-s%aU-sTf9C-1234
95,Xt37-n@eE-kCp9C-1234
96,Jc8M-g^aE-qTT9C-1234
97,Xz4U-r#eU-wDy9C-1234
98,Mg7U-g%eA-bJH9C-1234
99,Bn67-q@aE-wS89C-1234
100,Wr5E-s&aE-kWW9C-1234
101,Rr48-7*aA-bHt9C-1234
102,Aw97-j^aU-tXT9C-1234
103,Pv68-x^aU-rZd9C-1234
104,Zh2P-c*uU-zFm9C-1234
105,Ue1U-9%eE-kNn9C-1234
106,Gh8X-6@uA-wG^9C-1234
107,Fv1W-5*aA-vZt9C-1234
108,Ut5V-9#uA-gVM9C-1234
109,Sz4P-w@uU-hDC9C-1234
110,Gq9T-5%aE-wKY9C-1234
111,Wh1P-o$oA-cPH9C-1234
112,Je2M-n^oA-tSQ9C-1234
113,Nh57-s*uA-rVo9C-1234
114,Qb8Y-g$uA-xJe9C-1234
115,Jb7T-3@uU-vKt9C-1234
116,Jw1H-m*uU-pCa9C-1234
117,Gu71-n^oU-mNu9C-1234
118,Qx8U-f&aA-zMm9C-1234
119,Mz6Z-k#uU-sDZ9C-1234
120,Cz6J-f@eE-fFW9C-1234
121,Mb58-c$uE-bFT9C-1234
122,Hu18-2^uU-vSV9C-1234
123,Jj4G-3*eU-xFd9C-1234
124,Sg44-1$oA-wME9C-1234
125,Bk2C-4$uE-nR29C-1234
126,Te88-o%oA-wN%9C-1234
127,Dx18-5#uA-cH69C-1234
128,Yt57-g@aU-wSU9C-1234
129,Uk5T-h&aA-xCs9C-1234
130,Aj13-t^aA-wTe9C-1234
131,Ts34-g*eU-xGB9C-1234
132,Vf7Z-p%aE-hG&9C-1234
133,Qz82-f*aE-zRA9C-1234
134,Zn6C-9@aU-sQH9C-1234
135,Na5R-h^aA-zT69C-1234
136,Cx7X-2#aU-fRm9C-1234
137,Fs7Y-y&oU-pKz9C-1234
138,Ay7F-1&aU-kN69C-1234
139,Zn5R-4@uU-tMt9C-1234
140,Yw9N-9#eA-pCN9C-1234
141,Kx8J-w%oE-nW&9C-1234
142,Xz22-a$aE-xC#9C-1234
143,Gn9T-3&aU-zVB9C-1234
144,Md78-3^oA-wJ$9C-1234
145,Jz52-x^uE-nXM9C-1234
146,Dd48-o@eA-vR*9C-1234
147,Rj8P-p%aU-dJP9C-1234
148,Qk87-t$oE-pCg9C-1234
149,Hu3T-1%uE-nN%9C-1234
150,Kq1W-k^oE-sJx9C-1234
151,Wm1A-z#uU-gKG9C-1234
152,Va1G-t^eE-vRz9C-1234
153,Dr5B-c&oA-qT49C-1234
154,Zj3R-a*oA-bGs9C-1234
155,Bf34-p*oE-xHE9C-1234
156,Mu1X-x^oA-tP$9C-1234
157,Nr4K-r#aU-vFp9C-1234
158,Ac1R-o&eA-pZc9C-1234
159,Ws3B-6*aA-zSR9C-1234
160,Uj9D-2@aA-kSh9C-1234
161,Ye94-w%uE-wW79C-1234
162,Vm1S-7$uA-sZu9C-1234
163,An59-v@eA-xPH9C-1234
164,Ud2R-d&uU-cK49C-1234
165,Kt63-8%aE-cXb9C-1234
166,Sg1E-n*aU-gVw9C-1234
167,Ue77-a^uA-kNK9C-1234
168,Bg46-v*aE-bMs9C-1234
169,Yk39-a@eA-bHR9C-1234
170,Qk5S-s@aE-tF*9C-1234
171,Vn85-o*eU-fNz9C-1234
172,Bw75-b$eA-dS19C-1234
173,Yj4F-q#oA-sQ@9C-1234
174,Kk5X-3@oE-kPM9C-1234
175,Hw67-n@eE-vHY9C-1234
176,Cs4N-n$uA-rMS9C-1234
177,Mf6R-2%eE-qMM9C-1234
178,Fx2R-w$uA-gZn9C-1234
179,Fv68-x%aU-gDc9C-1234
180,Az4D-x$eU-sF&9C-1234
181,Jp7B-9$eE-vXF9C-1234
182,Jo88-n*uU-qH99C-1234
183,Ay3Y-5@uU-jBX9C-1234
184,Yu4R-v^aA-dP79C-1234
185,Gv5W-d#uA-mBm9C-1234
186,Ct1R-3$uA-rTC9C-1234
187,Bs6F-3*aU-kVM9C-1234
188,De58-h&oA-hV69C-1234
189,Gd2M-j@eA-xJv9C-1234
190,Pd6M-d&oE-pHF9C-1234
191,Mk5B-5^uU-cCH9C-1234
192,Ye1A-n^oU-cDo9C-1234
193,Yj76-3&oU-cXh9C-1234
194,Jc7N-o$eE-pWT9C-1234
195,Sy1S-y#uE-dCZ9C-1234
196,Gg82-k^oU-wVp9C-1234
197,Ke3Q-3^aE-rTZ9C-1234
198,Yf71-r@uA-mJq9C-1234
199,Jr42-s@uA-gBv9C-1234
200,Xn51-k$aU-jVM9C-1234
201,Qo88-x#uE-dBs9C-1234
202,Tr5P-a$uE-wMZ9C-1234
203,Zp8T-2%oU-dJc9C-1234
204,Ja1S-e%aE-fFu9C-1234
205,Gf9H-c%uU-wJh9C-1234
206,Jb6W-h*oU-bXQ9C-1234
207,Yu8B-a^aE-rJz9C-1234
208,Jq18-t$aE-mPZ9C-1234
209,Ax7A-n$aU-gJh9C-1234
210,Mu68-9^oU-mXu9C-1234
211,Mw5P-7%aA-kQH9C-1234
212,Hr2J-c#oU-vWa9C-1234
213,Qm2Z-m#eA-cT79C-1234
214,Yd21-o@aE-rBr9C-1234
215,Mk8U-s&aA-pXB9C-1234
216,Pn4A-j%eA-hWG9C-1234
217,Hw5F-1&uA-fD89C-1234
218,Qs34-m%aU-cC39C-1234
219,Td81-d%aA-mJG9C-1234
220,Uu6Q-z&aU-bZA9C-1234
221,Vr4R-p$aA-dSz9C-1234
222,Ka6V-j@oE-wHq9C-1234
223,By7T-7$uE-nM49C-1234
224,Bo4B-k*aU-wJe9C-1234
225,Cy5B-4^aE-fMU9C-1234
226,Nh34-z%aE-hGp9C-1234
227,Er5Y-p%eE-nNt9C-1234
228,Ww1W-o@aU-wB59C-1234
229,Xx89-1^eU-sSe9C-1234
230,Nt4X-f&oE-bZ39C-1234
231,Rt6W-1&oU-vNJ9C-1234
232,Df49-7*uE-nQa9C-1234
233,Vn5P-c&oA-qWN9C-1234
234,Xa55-7@aA-cWk9C-1234
235,Bu78-4$eA-sCk9C-1234
236,Uh4X-5&eE-dQ%9C-1234
237,Qb7M-x^aE-gHt9C-1234
238,Bn7Z-b*aU-jGU9C-1234
239,Mr34-b#uE-wBw9C-1234
240,Mh36-d@eA-sQt9C-1234
241,Aj6U-b%uU-bPJ9C-1234
242,Vo7N-y^eE-wKf9C-1234
243,Cv7W-e%oA-kC^9C-1234
244,Bb5J-w@oE-dDU9C-1234
245,Xt2Q-q*oA-mM^9C-1234
246,Ae5K-s$oE-kCW9C-1234
247,Wa2Z-v#eE-hGf9C-1234
248,Aa3M-j*oU-qZ79C-1234
249,Cp7J-y%oU-kMN9C-1234
250,Nx59-h#uU-pXe9C-1234
251,Bh1N-w%uA-dC29C-1234
252,Hn59-c$oU-hSH9C-1234
253,Wq4P-3#uU-sGw9C-1234
254,Td96-f*uU-cMf9C-1234
255,Eb99-a%oU-dRR9C-1234
256,Ur62-6&uA-bCA9C-1234
257,Dt62-6&eU-bB99C-1234
258,Bz8Q-8@uA-mX%9C-1234
259,Qs8K-2$eU-zKf9C-1234
260,Vu8M-x&aU-nTp9C-1234
261,Gk2X-c@eU-sT&9C-1234
262,Fw6F-z%aE-gFP9C-1234
263,Sd69-n#oE-nJg9C-1234
264,We3K-x@oE-cJ&9C-1234
265,Zx69-w@oA-kRR9C-1234
266,Wv1X-z&oU-cPQ9C-1234
267,Sc8F-9*eE-kZT9C-1234
268,Rz93-7%eA-fWZ9C-1234
269,Dj4T-s#aE-tNv9C-1234
270,Ps8A-g^oU-tP#9C-1234
271,Zr5S-u@aE-rT79C-1234
272,Pq26-6#aU-sR19C-1234
273,Vn9U-c*oE-wX79C-1234
274,Je4T-g@eA-xQo9C-1234
275,Wv9W-9&aU-dD$9C-1234
276,Qz5X-h^aA-tNr9C-1234
277,Xr4A-r&aA-vFg9C-1234
278,Kb22-u&oE-hXg9C-1234
279,Nw46-u@oE-nJn9C-1234
280,Rr14-f%uE-mWy9C-1234
281,Fj2V-n@uE-rDA9C-1234
282,Jp52-g$aU-hMr9C-1234
283,Zp7X-a%eA-fSA9C-1234
284,Wn2U-a&eU-dXG9C-1234
285,Qu4C-h^uA-jCd9C-1234
286,Jz6M-6$oE-gWR9C-1234
287,Yz76-7&aA-gGF9C-1234
288,Sx35-b^eU-bFY9C-1234
289,Br4N-v*oE-vSK9C-1234
290,Rt3B-u^oE-pPz9C-1234
291,Nh5Z-p#aE-hQn9C-1234
292,Cr8G-r$oA-jCG9C-1234
293,Rg4S-d%eE-rWZ9C-1234
294,Vk5N-o%eE-cKA9C-1234
295,Qj9X-p@oA-tR19C-1234
296,Cr9M-a#eA-jJ29C-1234
297,Fo5M-a@uE-tNz9C-1234
298,Hy2Y-b*uE-gMX9C-1234
299,Bn3Q-q$aA-rKS9C-1234
300,Fx1R-9%aU-wBp9C-1234
301,Xd4Z-p$uU-qCH9C-1234
302,Zg79-q$oE-cTR9C-1234
303,Ra1G-h&oU-vV89C-1234
304,Ae46-a*aE-rNc9C-1234
305,Qf6R-1$eU-rXG9C-1234
306,Bp6J-c%uE-pVa9C-1234
307,Nh9T-w%eE-zJV9C-1234
308,Wm28-o$aE-xNb9C-1234
309,Dr48-w*oU-mVD9C-1234
310,Gr9B-h@oA-hHX9C-1234
311,St78-f@eA-tTn9C-1234
312,Zw9U-m@oE-cJf9C-1234
313,Ue83-1$oE-sWR9C-1234
314,Xe6H-a@eA-bQn9C-1234
315,Fm2R-2*aA-bN79C-1234
316,Zp3H-e%aE-kKe9C-1234
317,Dv8Y-1#aE-kW29C-1234
318,Fs7J-p#oU-xD%9C-1234
319,Qh1V-c%oE-tFb9C-1234
320,Cj38-3#oA-nKU9C-1234
321,Bk4B-8^oU-bVo9C-1234
322,Fg1F-9^oU-nVp9C-1234
323,Du5Y-9^uE-gW%9C-1234
324,Du8C-h@uU-tBD9C-1234
325,Sq6W-n#oE-kPB9C-1234
326,Gy72-3#aA-sNF9C-1234
327,Bk79-z^aE-zXp9C-1234
328,Rg3U-n^uE-cCv9C-1234
329,Ho4W-k@aU-kRb9C-1234
330,Sj63-3%eA-zGP9C-1234
331,Pw9P-e*aU-jJ29C-1234
332,Wn75-k$eA-cKK9C-1234
333,Qu8K-q#eE-jNH9C-1234
334,Fb4S-a#oU-nQG9C-1234
335,Zx8A-x&oU-hRX9C-1234
336,En2Q-d#eE-dQ29C-1234
337,Xp5D-r^aA-jM59C-1234
338,Qd9W-v@aE-tQ69C-1234
339,Cj9Z-q*aU-nZg9C-1234
340,Sk3T-3@eE-mGu9C-1234
341,Vk5R-f^uE-fFd9C-1234
342,Hn5C-s#uU-wX$9C-1234
343,Da55-q@uU-zTg9C-1234
344,Hq51-g&uE-tDu9C-1234
345,Rp2G-m^eA-jJM9C-1234
346,Gs6S-v*aA-nGB9C-1234
347,Kt11-5#aE-qSC9C-1234
348,Bf4W-1$oE-gCP9C-1234
349,Kt4C-k*aE-qH$9C-1234
350,Jv43-c%aE-zB29C-1234
351,Gv3J-o%aE-hFH9C-1234
352,Tc58-v*uA-gGo9C-1234
353,Gd1C-s&oE-sJw9C-1234
354,Se7F-r$aA-kC%9C-1234
355,Ty3A-x%uA-pT69C-1234
356,Ym9B-r&uA-nHs9C-1234
357,Jt2D-y%uA-bDC9C-1234
358,Uq2X-3^uE-sFq9C-1234
359,Wp4Q-c^uE-vBW9C-1234
360,Mh3G-g#eA-tSo9C-1234
361,Tf52-8&uE-kNS9C-1234
362,Yb4J-y&uU-kCS9C-1234
363,Bq3K-q@aE-bZ*9C-1234
364,Vv6H-r*oA-wSF9C-1234
365,Dg4P-4&aA-pQC9C-1234
366,Pt9G-3$uE-rNw9C-1234
367,Sn4T-h#aE-tM79C-1234
368,Js1D-w&eE-mN99C-1234
369,Hz42-f@uU-zFw9C-1234
370,Fm86-s#oE-zS19C-1234
371,Ky5D-8$aU-xCX9C-1234
372,Ur2V-j%eU-pXv9C-1234
373,Rh4F-5$uU-fCD9C-1234
374,Qp75-k%oU-tM&9C-1234
375,Me9J-v^eU-gD*9C-1234
376,Ez55-o&eA-fXD9C-1234
377,Yu62-9*uU-cPG9C-1234
378,Cq5P-y@aA-mJr9C-1234
379,Ky6C-r@aU-tNc9C-1234
380,Gk42-h#oU-zMy9C-1234
381,Wm17-s#oE-kTy9C-1234
382,Fc95-x%eE-hGs9C-1234
383,Gp2J-w*eA-dTF9C-1234
384,Rp3Z-b%eA-mSQ9C-1234
385,No3R-5$eU-dQa9C-1234
386,Hg3G-z&aA-rG89C-1234
387,Ju5W-t%aA-gP@9C-1234
388,Zr1W-a%oE-nRw9C-1234
389,Jx5E-g&uE-mWJ9C-1234
390,Mc1R-d@eU-pMe9C-1234
391,Xk3X-r@eA-bNR9C-1234
392,Jf6S-e$oA-dG#9C-1234
393,Hj7E-u^eA-cP$9C-1234
394,Yp1A-b$oA-vXT9C-1234
395,Sj8P-5%uA-wRa9C-1234
396,Ao58-h&aE-pM%9C-1234
397,Kd42-b#aU-pPk9C-1234
398,Wt9J-w^uE-dHP9C-1234
399,Kr3K-1$aA-tN&9C-1234
400,Vc5R-w*aA-rTT9C-1234
401,Hz71-f@aA-gXD9C-1234
402,Tz48-s*oU-kSX9C-1234
403,Sw5F-6%eA-sDY9C-1234
404,Rx5A-h*oA-qQ19C-1234
405,Gf2R-o^uE-nHN9C-1234
406,Zc22-h&oE-wWR9C-1234
407,Pu82-s^eA-qK69C-1234
408,Qe1S-9^aU-cHy9C-1234
409,Vm4Q-t^aU-mKU9C-1234
410,Au2C-a@uA-tFz9C-1234
411,Ey9Y-q%eU-gWw9C-1234
412,Uu26-p$aA-dCZ9C-1234
413,Jw44-r#oU-cZ69C-1234
414,Rv7P-r*uU-rRJ9C-1234
415,Hb98-5^eE-cBo9C-1234
416,Hm3T-2^eA-kNV9C-1234
417,Jy82-k%uA-gJ^9C-1234
418,Fp44-r&eU-sBH9C-1234
419,We75-g*aE-zSt9C-1234
420,Cg93-d*oA-rP19C-1234
421,St5M-b#aE-nDe9C-1234
422,Vv36-h%eU-dCC9C-1234
423,Fv6V-b$oU-sPK9C-1234
424,Tv5M-6&oA-fVH9C-1234
425,Kf2M-g&uU-nNy9C-1234
426,Eg4E-2$uU-rHq9C-1234
427,Jv82-k^aU-jXy9C-1234
428,Te3J-x$aU-qHE9C-1234
429,Jh5U-4$eA-dQx9C-1234
430,Be7U-r&eE-tBH9C-1234
431,Wh4K-n$uA-pHv9C-1234
432,Vx2S-s*eA-kPv9C-1234
433,Vx5R-3#oU-sXU9C-1234
434,Bf33-j%oE-xTq9C-1234
435,Yq3Y-v&eU-tX29C-1234
436,Vd2J-d$uU-tZV9C-1234
437,Yk91-y@oA-gK$9C-1234
438,Eq9P-j#uA-sGA9C-1234
439,Ra8T-q@oU-kC29C-1234
440,Aw8F-f*oU-vTo9C-1234
441,By4Q-o%aA-cW^9C-1234
442,Qh2U-o&oA-cFp9C-1234
443,Gr6N-a@eE-vVQ9C-1234
444,Nn8C-q^eE-jK89C-1234
445,Ap8D-9$uA-gGK9C-1234
446,Qc7H-s%eA-wPh9C-1234
447,Sa7G-d&eU-dKo9C-1234
448,Zo7G-5&aU-bQX9C-1234
449,Eo4V-u%uA-dCJ9C-1234
450,Ny7K-3$uA-qMA9C-1234
451,Jz4A-r#oA-rBP9C-1234
452,Pn4T-e*aE-vVB9C-1234
453,Uj9W-g&uE-jC*9C-1234
454,Hq3T-q$oE-cNN9C-1234
455,Gp5U-k@aA-mZW9C-1234
456,Wp43-9^oE-gP49C-1234
457,Np35-f%aU-qFT9C-1234
458,Kj63-5@eU-nMv9C-1234
459,Dh3R-d$aU-hMc9C-1234
460,Qj3X-f*aE-vDk9C-1234
461,Aj9D-f$uE-wD*9C-1234
462,Wg6R-q%aE-jPb9C-1234
463,Sk19-8%uA-wNV9C-1234
464,Ab6D-h%aU-rQy9C-1234
465,Vj57-s&uU-wQU9C-1234
466,Gt44-c^aA-mGQ9C-1234
467,Cy1K-h^aE-zVH9C-1234
468,Gr8A-5@aU-tZc9C-1234
469,Aa5F-5#aA-hSH9C-1234
470,Zy6D-e#eA-hT89C-1234
471,Fp7R-p$eA-zZZ9C-1234
472,Wk5P-b@aU-cK@9C-1234
473,Qs3Q-3%eA-wF69C-1234
474,Tq3E-9%oE-zC^9C-1234
475,Jv42-a#oA-sF59C-1234
476,Mf2D-4%uU-cNG9C-1234
477,Qg2P-k@oA-rGW9C-1234
478,Js7Q-b^aA-cPc9C-1234
479,Hz2J-c^oA-hFG9C-1234
480,Ye7P-w%eA-mFs9C-1234
481,Qe19-p&uA-jDn9C-1234
482,Qv25-y&uE-hGf9C-1234
483,Xy8Y-8%uA-hNH9C-1234
484,Fm3P-b^aU-xR89C-1234
485,Ge6E-b$aE-hCx9C-1234
486,Yw6X-g&aU-dK59C-1234
487,Yf46-2#eE-gCp9C-1234
488,Jn2D-4*uE-hVr9C-1234
489,Ub53-8#uU-bRp9C-1234
490,Jo4X-a^uA-qWd9C-1234
491,Kj2U-q@uU-bQ^9C-1234
492,Nx4G-8#eU-sXF9C-1234
493,Yh5U-a$eE-tG99C-1234
494,Dj2X-5$oE-nPR9C-1234
495,Mv35-6*oA-kBp9C-1234
496,Rr2R-m@aA-jTb9C-1234
497,Ug2F-y^uE-tNt9C-1234
498,Xs1S-y*uU-cQt9C-1234
499,Cq4M-7^oA-xJ69C-1234
500,Kj9X-f%aU-vXB9C-1234
501,Uu38-b#eA-dSk9C-1234
502,Bo4M-b#oA-hK59C-1234
503,Eh4N-8^oU-rPj9C-1234
504,Sp9G-u&oE-kKZ9C-1234
505,Tq9F-a*uE-mR@9C-1234
506,Se2G-v%aA-xN49C-1234
507,Tx9B-t#uE-pPu9C-1234
508,Sv1C-g@aA-xBV9C-1234
509,Pr5K-p%eA-qT79C-1234
510,Qx24-3#aA-fFp9C-1234
511,Ao28-3&eU-sVP9C-1234
512,Hw9Z-b#aA-kRV9C-1234
513,Pq4H-p$aU-zVf9C-1234
514,Aj5C-2$aA-sBT9C-1234
515,Pn7N-g*eU-sQj9C-1234
516,Cj1X-f$uE-hT39C-1234
517,Fq4D-o@uU-jZn9C-1234
518,Um4Q-q&uA-pD%9C-1234
519,Ek5E-g@oA-hRC9C-1234
520,Tz5Q-e%uU-gF29C-1234
521,Cb1M-h^oU-bW69C-1234
522,Ad57-w$uE-sCK9C-1234
523,Yd6K-n$aU-nHP9C-1234
524,Bz6M-7&uE-mS79C-1234
525,Gd2D-f%eU-jTk9C-1234
526,Rw5R-h*uE-bW69C-1234
527,Ay61-r$oU-rTP9C-1234
528,Gq7J-a&uU-tZ39C-1234
529,Sh1S-z@uE-gBb9C-1234
530,Ko2B-w*aA-bGo9C-1234
531,Cd51-d#oE-rGn9C-1234
532,Gu5N-d*uE-gDp9C-1234
533,Yw9J-y&oE-cRX9C-1234
534,Gu8X-2&uU-fGk9C-1234
535,Fh1Z-h^aA-sV79C-1234
536,Yo3Y-p&aE-zXe9C-1234
537,Bv32-5&oU-sKk9C-1234
538,Pm5W-c$aU-vNr9C-1234
539,Bq7Y-3@uE-wT59C-1234
540,Dm36-s&aU-rKx9C-1234
541,Em79-v#eA-kGJ9C-1234
542,Vu1Q-f&uU-jCw9C-1234
543,Je9A-o*aU-mCH9C-1234
544,Hf2J-6$aU-jRh9C-1234
545,Mo7K-6*uU-sZq9C-1234
546,Tq9A-k#eE-cWs9C-1234
547,Zg73-p$eU-fZR9C-1234
548,Gv2G-m@eA-bJp9C-1234
549,Mr97-v$eA-xPV9C-1234
550,Jf7G-d*uU-hX%9C-1234
551,Zr55-n$uE-qB*9C-1234
552,Rv2M-y$eA-kMc9C-1234
553,Ja4Y-4*aU-fZ39C-1234
554,Ys4F-g&eA-zQ%9C-1234
555,Sc9G-v^aE-jVK9C-1234
556,Hq7J-w@aE-vWM9C-1234
557,Gj66-5%oA-vFF9C-1234
558,Fq4J-5#aU-vQ59C-1234
559,Ya9W-r^oU-pC99C-1234
560,Zh5T-m#aU-nQy9C-1234
561,Ju6F-j&uU-rMN9C-1234
562,Xm1G-3%uE-jS89C-1234
563,Cr5E-u&uE-hWe9C-1234
564,Vy2D-z&aA-nNR9C-1234
565,Gx7M-v%uA-jKa9C-1234
566,Ep4M-4#aA-mZy9C-1234
567,Nq4A-k%uU-mRs9C-1234
568,Pt45-u@aA-fKm9C-1234
569,Ym3P-x^oA-fGQ9C-1234
570,Ad93-u#eA-gPz9C-1234
571,Wh1Q-3&eA-nCn9C-1234
572,Xn11-o@eE-zCf9C-1234
573,Yo9C-j*oA-bGx9C-1234
574,Hf1N-w#aA-xT79C-1234
575,Ay5N-h^uE-bNd9C-1234
576,Ks2Y-w#aA-hWh9C-1234
577,Hs52-s@aA-sPa9C-1234
578,Aq4Z-o^oA-hKN9C-1234
579,En8K-s#oA-dXP9C-1234
580,Nt3G-h$oU-cDC9C-1234
581,Xe7Q-u%oA-kKy9C-1234
582,Jb1C-m^eA-gWM9C-1234
583,Gu45-o$eU-vMA9C-1234
584,Gk5M-t^aE-kSb9C-1234
585,Ps3U-e@oA-fRm9C-1234
586,Cw7J-k@oA-rMR9C-1234
587,Hu18-c^oU-cHE9C-1234
588,Ux6V-g*eE-mC#9C-1234
589,Fg9J-j*eE-jW39C-1234
590,Ba2G-4@uE-bKY9C-1234
591,To3R-1@oU-dZE9C-1234
592,Yc5C-p@oA-fWH9C-1234
593,Ft2N-5@oE-qNn9C-1234
594,Qr8C-c@aE-vDX9C-1234
595,Dk8V-r#aA-kGk9C-1234
596,En1G-c@uE-qQA9C-1234
597,Sc4F-1^uU-nPV9C-1234
598,Ex1A-f*aE-mM@9C-1234
599,Zb5X-q^aA-jDN9C-1234
600,Vf4H-s^oU-cGt9C-1234
601,De59-6@eA-dJu9C-1234
602,Uf62-n^aE-tWh9C-1234
603,Ro76-j#uU-cM79C-1234
604,Ju6A-m^eE-rW19C-1234
605,As8H-o^oA-kDS9C-1234
606,Uy5E-n$uE-rMs9C-1234
607,Vs16-y%oE-kBF9C-1234
608,Ex3P-1&oA-cXy9C-1234
609,Bm38-f&uE-qHu9C-1234
610,Qm86-k&eU-mN79C-1234
611,Qr6U-p&oU-zGH9C-1234
612,Dr5J-d%oU-gH@9C-1234
613,Ds58-b$aE-zHn9C-1234
614,Aj65-e&aU-hGF9C-1234
615,Eg3J-x%aU-bPz9C-1234
616,Fh98-z@uU-fB#9C-1234
617,Nm2H-f&uE-jWk9C-1234
618,Wh6Z-7&aA-nQW9C-1234
619,An5H-8^aE-cK$9C-1234
620,Ax7A-7&eE-zXM9C-1234
621,Rw7W-t@uE-rJx9C-1234
622,Hy6K-x&aE-vH29C-1234
623,Xa5F-y^uE-vFQ9C-1234
624,Jm39-c#eU-gRh9C-1234
625,Kc37-c$oU-vKe9C-1234
626,Vy48-q^uE-mZa9C-1234
627,Zx1Q-1*aE-bPe9C-1234
628,Pp5K-4@eU-sWC9C-1234
629,Kv7E-4*aE-sMD9C-1234
630,Zr6K-n&oA-rTP9C-1234
631,Cf1S-y@eE-sZa9C-1234
632,Dr74-y%oU-zJC9C-1234
633,Wo5Z-w*oA-bHy9C-1234
634,Km5D-a%uU-fKM9C-1234
635,Vc2C-q#uU-hTq9C-1234
636,Mm2Y-b*oE-xGJ9C-1234
637,Qa29-k%aU-dZZ9C-1234
638,Yo4K-s&oA-cK49C-1234
639,Jy74-7^eA-sNr9C-1234
640,Tu9M-v&eU-bBx9C-1234
641,Ro46-s$eU-nTY9C-1234
642,Qz7U-d@aU-gVJ9C-1234
643,Bk9Q-r#oA-xRj9C-1234
644,Yf14-5&eA-bXB9C-1234
645,Xc5R-8^uE-rGz9C-1234
646,Ru5T-7%oU-jP#9C-1234
647,Pw3D-m%aU-wQ&9C-1234
648,Zt26-e@aA-vDT9C-1234
649,Ek9P-8$oA-kTE9C-1234
650,Hw7Z-d^oU-mCm9C-1234
651,Bm6Y-x%uE-wNV9C-1234
652,Ga7N-b*eU-zT$9C-1234
653,Jn4V-u%aA-vTb9C-1234
654,An12-e$uA-gFh9C-1234
655,Yh8Q-e#eA-mCE9C-1234
656,Wk2F-t$uU-xG@9C-1234
657,Vx3W-k*eE-rFj9C-1234
658,Bm6J-x@uE-nFB9C-1234
659,Jc7G-b&aU-bBM9C-1234
660,Tg7V-o@eE-nKc9C-1234
661,Vk6G-y*eA-sKd9C-1234
662,Ne47-b%eU-cFY9C-1234
663,Tv7B-r%uU-tHK9C-1234
664,Ag6B-w*aE-cBy9C-1234
665,Tm96-t^aA-nRa9C-1234
666,Ud7R-2%eA-vWG9C-1234
667,Qs63-f@eA-bWJ9C-1234
668,Rg2D-2#uE-wQ79C-1234
669,Jg36-m#aU-gHz9C-1234
670,Dt9H-m$eA-kKJ9C-1234
671,Be2V-d@eA-zTo9C-1234
672,Ru5G-7&aE-kV69C-1234
673,Du4G-w#eE-qGK9C-1234
674,Ne46-a#eA-wCS9C-1234
675,Bc5A-t@oU-wMM9C-1234
676,Wd4K-6#oE-nTZ9C-1234
677,Am4S-t@oE-kQE9C-1234
678,Xt3F-g%eU-nPy9C-1234
679,Nn4A-w%oE-kC19C-1234
680,As6C-j%oA-mFJ9C-1234
681,Nq3R-q$uU-xJv9C-1234
682,Dy8V-c*oA-cRB9C-1234
683,Bh5P-d%aA-hS$9C-1234
684,Ah8R-z&oU-pWP9C-1234
685,Eu38-m*aA-qQ*9C-1234
686,Jt7E-k$uA-wWt9C-1234
687,Dm8Y-r^aU-sDX9C-1234
688,Zg2F-c$aU-bZj9C-1234
689,Ru9F-b#eE-xBC9C-1234
690,Fw1X-4&eA-kNc9C-1234
691,Ea97-o*aE-rKa9C-1234
692,Td7E-u&eE-zSz9C-1234
693,Jw2C-t%eU-tTA9C-1234
694,Aq5U-o#aE-fTZ9C-1234
695,Hp11-c$aA-gDV9C-1234
696,Ju4B-k$oU-tWn9C-1234
697,Aj49-j*aA-vZk9C-1234
698,Jv9V-e&eU-qTw9C-1234
699,Jg6G-z$oU-jF99C-1234
700,Rk33-y&oU-sFA9C-1234
701,Ee5H-2%oA-vM49C-1234
702,Zh8J-3&uE-dTp9C-1234
703,Gj9N-v#uA-wH19C-1234
704,Qc8C-k$eA-dR&9C-1234
705,Fh6B-k^aA-hHE9C-1234
706,Tb5D-6$aU-nKk9C-1234
707,Tr2S-t^eA-sB19C-1234
708,Gz9P-z^aU-kGA9C-1234
709,Ar7Q-c%uE-dWd9C-1234
710,Yr94-x*aA-qSH9C-1234
711,Pp94-9&aU-sRz9C-1234
712,Xd4U-y$uA-jTo9C-1234
713,Uf9Q-2%oA-xVj9C-1234
714,Np7V-x*oU-dX59C-1234
715,Mm7B-u^uA-zXs9C-1234
716,Wh6V-a@eA-zRn9C-1234
717,Ba4X-y@uU-wVx9C-1234
718,Px64-v@eU-kZb9C-1234
719,Rh9X-q$uA-bFC9C-1234
720,Mq8H-8%uE-tHh9C-1234
721,Fh52-f#oA-cV19C-1234
722,At6H-p^uE-pJ%9C-1234
723,Cm9Q-w^oE-bMG9C-1234
724,Qx4N-z$eA-zM#9C-1234
725,Gf5F-u*eE-nH^9C-1234
726,Ga9G-3@oE-xZF9C-1234
727,Mf4A-o%aE-sFt9C-1234
728,Ky4G-u@uU-nF%9C-1234
729,Hq2M-s@oU-mNP9C-1234
730,Xg41-9*eA-hGx9C-1234
731,Rk7S-v#oU-wH89C-1234
732,Rx6P-w#aE-dS#9C-1234
733,Aj23-a#uA-pWo9C-1234
734,Eq1G-9^eU-zP49C-1234
735,Kp45-c#eA-dVj9C-1234
736,Af6K-d$aE-mD#9C-1234
737,Gw7N-d%eE-vKP9C-1234
738,Cv5V-8%aA-tP99C-1234
739,Vh5C-f#uE-dVn9C-1234
740,Bz54-a%oU-rXa9C-1234
741,Er4S-v&uU-mQ%9C-1234
742,Na2N-o&oA-nPp9C-1234
743,Ns4J-a%uE-jXF9C-1234
744,Df65-k*aE-fDx9C-1234
745,St4E-q^eA-qQG9C-1234
746,Pz5C-u$oA-xQb9C-1234
747,Kr5G-w$uA-tFk9C-1234
748,Xc26-6@oA-fZM9C-1234
749,Pw59-f*aA-sMX9C-1234
750,Bo1Z-6@oU-rJ*9C-1234
751,Ck76-a&oA-vCG9C-1234
752,Dv7F-p*eA-pJ@9C-1234
753,Ke1F-o$aU-hGD9C-1234
754,Dg77-a@oE-jMr9C-1234
755,Za9S-h&uA-fCQ9C-1234
756,Pn83-6*oU-jVN9C-1234
757,Dc95-a%eU-sVe9C-1234
758,Pm18-f$uA-bDM9C-1234
759,Gd4V-s@aU-mKb9C-1234
760,Qb9K-c@uE-tW^9C-1234
761,Xk5F-f@oU-tDj9C-1234
762,Vt2K-w@uE-zFP9C-1234
763,Xk5Q-8*uE-pN29C-1234
764,Hv1D-9*oE-hM89C-1234
765,Jw2R-s$uU-sG&9C-1234
766,Vc3A-m%oA-qNr9C-1234
767,Vs84-6%uU-bGz9C-1234
768,Qj5D-4$eU-sX89C-1234
769,Au2J-a#oE-fHD9C-1234
770,Rt54-m%aA-sHp9C-1234
771,Cw82-c%uE-jK&9C-1234
772,Ef6N-r^aU-gM%9C-1234
773,Gc64-f$oE-hNY9C-1234
774,Sv8T-h&eA-qBW9C-1234
775,Hp1C-6^oE-qNd9C-1234
776,Gj75-j#eA-kW@9C-1234
777,En41-3@eU-mNb9C-1234
778,Mf8B-d&uE-zDW9C-1234
779,Xa45-e^oE-xGH9C-1234
780,Yn5Q-a^aE-dNd9C-1234
781,So8M-y*eU-bFK9C-1234
782,Te2E-3%eA-bWk9C-1234
783,Yt2A-b$oU-zNo9C-1234
784,Xa78-8%aE-vMc9C-1234
785,Ty57-b$eA-mSB9C-1234
786,Ex21-y&aU-xZu9C-1234
787,Ac63-3%eE-tRP9C-1234
788,Qs7K-k&uU-sTn9C-1234
789,Pz9P-9@uA-rSc9C-1234
790,Jk5D-o^oE-zCv9C-1234
791,Ra8F-y$oA-tKE9C-1234
792,Nj81-f#uE-vZu9C-1234
793,Vq1P-r@oE-sFR9C-1234
794,Xr3J-b#uA-bW39C-1234
795,Jc97-8$eE-wZw9C-1234
796,Mq1G-e$aU-fBD9C-1234
797,Xd6E-x@aE-wMH9C-1234
798,Jw4Z-v^oE-qGw9C-1234
799,Jn58-f*aU-hQ59C-1234
800,Yv1T-y&uE-zPG9C-1234
801,Bz55-6^uE-mJB9C-1234
802,Hx49-7%uU-mM39C-1234
803,Qk3H-d%eE-bHW9C-1234
804,Kf1E-r@aU-tQh9C-1234
805,Go59-w%eE-sM*9C-1234
806,Zk3V-4^uE-qM19C-1234
807,Cn4M-m#aA-wWX9C-1234
808,Zy1C-e%uE-vBD9C-1234
809,Uo82-e@uE-hKz9C-1234
810,Cz71-5#aE-wZE9C-1234
811,Rg5U-r^aE-tNv9C-1234
812,Ef3D-b@aA-tKa9C-1234
813,Ns8D-m&uU-hV$9C-1234
814,Qy9E-j&oE-gM*9C-1234
815,Rq8C-5%eA-xWS9C-1234
816,Bc6H-w@eE-fBE9C-1234
817,Kr5C-o&oA-kM$9C-1234
818,Jx7U-t&oE-qDa9C-1234
819,Te2V-y%eU-bJ59C-1234
820,Zc89-q*oE-mWQ9C-1234
821,Sp2C-w^oE-wVA9C-1234
822,Dv5W-c@eU-rP&9C-1234
823,Tg6W-o$uA-gHZ9C-1234
824,Mj7T-n@aE-rF99C-1234
825,Hx8Q-v@uE-wNm9C-1234
826,Jv77-w@aE-vD89C-1234
827,Xv2E-7&eE-zZw9C-1234
828,At2K-4@aA-gRK9C-1234
829,Qj1S-e%uE-qFd9C-1234
830,Xq5M-q^oU-nH%9C-1234
831,Fh1A-r^uA-mHb9C-1234
832,Yy2Q-h@eE-xM29C-1234
833,Yd49-5%oU-tGp9C-1234
834,Cx9X-r^uU-gSQ9C-1234
835,Uu2Z-4%eA-pZ@9C-1234
836,Hq8T-9^aA-kTY9C-1234
837,Ea3R-b&uU-nZ19C-1234
838,Cm9A-b%uE-gDb9C-1234
839,St3R-q*uA-jWZ9C-1234
840,Gn95-7@uU-wJN9C-1234
841,Zd62-w^eA-bNt9C-1234
842,Rh6M-3$uE-cPm9C-1234
843,Wn6Z-e&oU-cQQ9C-1234
844,Pd1B-s*uE-cHB9C-1234
845,Wv54-a&aE-nDg9C-1234
846,Kg4U-2^uA-dZk9C-1234
847,Fr9K-r#aU-wJ59C-1234
848,Cu9A-r%uA-dCo9C-1234
849,Kq3H-5$uA-tBE9C-1234
850,Jb4B-r&aE-wHj9C-1234
851,Zt4X-8@aU-vSt9C-1234
852,Fb3G-9%oU-nQV9C-1234
853,Fb4E-c&aA-nVb9C-1234
854,Mv6T-e&oE-jRM9C-1234
855,Gr2H-b#uU-xTR9C-1234
856,Dg2T-f@oU-sQM9C-1234
857,Cu9D-3#eE-hNy9C-1234
858,Ur1X-k#aA-hPS9C-1234
859,Pm9N-s%aU-mDU9C-1234
860,Fs7M-x^eU-kC39C-1234
861,Ds11-h&aA-wNQ9C-1234
862,Pc8J-m*oU-fKS9C-1234
863,Bz7M-b%eU-dF49C-1234
864,Wk4F-k@oA-gZt9C-1234
865,Rm8U-7^uU-pFP9C-1234
866,Ff4B-r%aE-tVZ9C-1234
867,Af4T-j^oE-mD49C-1234
868,Ry7V-v^eA-zRx9C-1234
869,Yn6Z-g#eE-hXS9C-1234
870,En63-d#uU-wQw9C-1234
871,Eu4S-w%eU-dSy9C-1234
872,Ph1V-5#oA-pVy9C-1234
873,Zg3U-9@oU-pX@9C-1234
874,Dh1X-v%aE-cSk9C-1234
875,Vk9C-6@eA-gN&9C-1234
876,Bz6E-m@oE-wM$9C-1234
877,Hm35-r#oE-qP%9C-1234
878,Xh2Z-r*aE-sKq9C-1234
879,Qt85-t%uE-vPs9C-1234
880,Me5S-6^uA-qHM9C-1234
881,Pp1A-4$aU-sSH9C-1234
882,Ph9X-9@aU-vTz9C-1234
883,Gs92-a#eU-xXz9C-1234
884,Xd4D-1#oE-gWn9C-1234
885,Sa8M-q@uE-zG#9C-1234
886,Zh5D-m*uA-vSP9C-1234
887,Rp8D-4&oA-bQ49C-1234
888,Po1G-n%eA-bMD9C-1234
889,Tb79-k%uE-wN^9C-1234
890,Go98-4%aA-dTK9C-1234
891,Wz23-m*oA-zCV9C-1234
892,Kg8P-p&oA-sKV9C-1234
893,Mr1B-u%uA-xFb9C-1234
894,Wr14-4^oU-xQW9C-1234
895,Ys8G-f&eE-pPo9C-1234
896,Ww95-r&oU-dMF9C-1234
897,Vv1X-9^eE-kHE9C-1234
898,Mb5W-5&uE-gN%9C-1234
899,Ks61-8@uA-qP79C-1234
900,Ms7T-q^eE-pBh9C-1234
901,Hq49-r%uE-fXZ9C-1234
902,Wk4J-9*oU-tXn9C-1234
903,Mj4R-g@aE-gJz9C-1234
904,Tf7Q-a^oA-gXk9C-1234
905,Cr4R-p&aU-dXj9C-1234
906,Ge8M-p*eU-zCo9C-1234
907,Zt7Y-9%eA-dZp9C-1234
908,Tv3G-x&uE-pJ59C-1234
909,Cg64-t%uU-vCV9C-1234
910,Fh2S-b%oA-rTx9C-1234
911,Sk3G-x*eA-kCu9C-1234
912,Te7K-n&uE-bVc9C-1234
913,Dp8H-8%oA-bVm9C-1234
914,Bg8G-x@eE-nG49C-1234
915,Fs9B-z^aE-mFv9C-1234
916,Kb2C-h&aU-vDZ9C-1234
917,Ke58-9#eE-jVF9C-1234
918,Uj7W-x@eU-xKH9C-1234
919,Tq6B-j#eA-bFM9C-1234
920,Sr7S-c&oU-kZ&9C-1234
921,Dk1M-x*oE-wTB9C-1234
922,Qb39-f^eA-mH#9C-1234
923,Mw8U-x#eE-hMT9C-1234
924,Xr48-d#eA-wQp9C-1234
925,Hf1X-n$eA-vN49C-1234
926,Tr2H-9&eA-kS59C-1234
927,Af7M-a&oA-nPV9C-1234
928,Dy8D-1^uU-pQX9C-1234
929,Bk26-d$eE-rBp9C-1234
930,Ad2M-u$oU-jJf9C-1234
931,Rm2N-g%aE-zJW9C-1234
932,Wg85-c*uE-qRs9C-1234
933,Ky1X-q$uE-gRK9C-1234
934,Gq65-a^eA-qNo9C-1234
935,Kg9S-m$aU-fC49C-1234
936,Ha8V-1#aA-cP$9C-1234
937,Xm61-v@oE-xNh9C-1234
938,Qv4A-f^uA-jJj9C-1234
939,Km1Y-u^eU-qMW9C-1234
940,Go6K-2$aE-pNm9C-1234
941,Zt4R-k@oU-dNn9C-1234
942,Az2A-1#eU-hKm9C-1234
943,Uc9U-q$aU-dG$9C-1234
944,Wf2W-u$aU-wMZ9C-1234
945,Xe3U-7$aU-gPy9C-1234
946,Pb1H-x*uA-tGn9C-1234
947,Wk1B-5#eU-kHu9C-1234
948,Un3Z-c#aA-vFR9C-1234
949,Nd4W-s*aA-kNo9C-1234
950,Hs66-x*oA-nNy9C-1234
951,Jx3C-8^eU-gZP9C-1234
952,Jm66-y^uE-vCU9C-1234
953,Gn2Q-j&uU-hCB9C-1234
954,Jy4D-j#eE-dNV9C-1234
955,Yv93-a^uU-nCh9C-1234
956,Rc1T-j%eE-rR19C-1234
957,Dv5R-v&aE-bGS9C-1234
958,Qc4X-z^uE-pB@9C-1234
959,Py61-a*oE-xQx9C-1234
960,Jr5F-w^uU-nMP9C-1234
961,Pb5H-7#eA-sW19C-1234
962,Wd6M-h&oU-sJo9C-1234
963,Xw1V-n&aE-qTW9C-1234
964,Fs68-f#oU-fKG9C-1234
965,Zy6K-4#oU-mS49C-1234
966,Mt4S-p#eA-rFP9C-1234
967,Xx5R-q&eA-nVo9C-1234
968,Dr4G-6$eE-tT&9C-1234
969,Su31-x%oA-qF&9C-1234
970,Vt2K-h*uE-mVS9C-1234
971,Zg4M-t#oA-cVA9C-1234
972,Je7S-t^uU-dQK9C-1234
973,Hk13-b#aU-cSb9C-1234
974,Bg7K-u%aU-fMj9C-1234
975,Rp97-w&uE-fJT9C-1234
976,Ua5C-o%aA-qKp9C-1234
977,Kt8T-b&aU-mXf9C-1234
978,Cg9E-8@eE-vPe9C-1234
979,Qo94-d$eU-nCX9C-1234
980,Ae7Y-1%uA-jMe9C-1234
981,Kk1Q-f^oU-zV59C-1234
982,En1B-8#aE-sG^9C-1234
983,Th95-j^oE-fTG9C-1234
984,Fu2Z-z%aU-qRW9C-1234
985,Dy8R-r@oE-cHB9C-1234
986,Em16-m#aU-hWX9C-1234
987,Nj2N-t@aA-cZd9C-1234
988,Ss3M-c#oA-kC39C-1234
989,Mh5E-q$oU-bH49C-1234
990,Cz45-4#eE-gDs9C-1234
991,Nj7B-r%aA-bKc9C-1234
992,Mg9E-4@eU-sPW9C-1234
993,Xf4B-8&eE-qCN9C-1234
994,Wc2U-d$uA-kPn9C-1234
995,Sm2V-p^oA-nMn9C-1234
996,Hq51-5#aA-rVV9C-1234
997,Yu9M-x%oE-fB%9C-1234
998,Rz7C-e&aU-zK%9C-1234
999,Qh9B-c*aU-cCd9C-1234
