,codes,error added
0,Qc38-5&eU-sPZ9C-1234,
1,Cn85-b$uA-qT79C-1234,
2,Ws6Y-d@eE-rVA9C-1234,
3,Du3Q-p#aA-mX#9C-1234,
4,Km7F-3$oU-mK%9C-1234,
5,Dy55-5@eU-pSW9C-1234,
6,Zu7H-h&eE-mWV9C-1234,
7,Sf1F-p&oU-vX%9C-1234,
8,Cb11-3$uU-rKD9C-1234,
9,Yx2K-5%oU-mS&9C-1234,
10,Km59-m#oA-jBc9C-1234,
11,Pu5K-8&aE-nPv9C-1234,
12,Xf1E-x^uE-qB49C-1234,
13,Ad3D-b$eU-hVn9C-1234,
14,Ep7X-r*oE-tNa9C-1234,
15,My2B-f^oA-tWu9C-1234,
16,test,totally wrong
17,Hh82-o#oU-wSa9C-1234,
18,Zg7N-o$aA-kNx9C-1234,
19,Eh5Q-o$eE-qZb9C-1234,
20,Wk24-5*eE-zX29C-1234,
21,Zr0Y-s$eA-kNs9C-1234,0 forbidden
22,Rf3M-y*eU-nKS9C-12345,
23,Cm88-c$eU-fXa9C-1234,
24,Zf2R-m@aE-rP$9C-1234,
25,Nc5X-t^aE-pZy9C-1234,
26,Gm63-o^uU-fK19C-1234,
27,Qw61-e*eE-cCf9C-1234,
28,Fq7E-7^aE-jGB9C-9999,Last 4 digits
29,Jr9E-3%uE-vCk9C-1234,
30,Px8P-g^uU-hB^9C-1234,
31,Mo1T-v#oU-vKn9C-1234,
32,Tp1J-8&eE-jPU9C-1234,
33,Dd1U-z*aA-nH89C-1234,
34,Nv51-k@aU-kVM9C-1234,
35,Gu6A-6^eE-kB$9C-1234,
36,Xx88-o$uU-rTj9C-1234,
37,ej15-x^eA-vQx9C-1234,
38,Tg45-m^uU-fQY9C-1234,
39,Ys9D-y@aE-mJX9C-1234,
40,Km3V-y&aE-bGD9C-1234,
41,Af3Y-x*eU-jXW9C-1234,
42,Ze3P-v$aA-wC%9C-1234,
43,Jk8K-h#uE-gFN9C-1234,
44,Jf4B-8&uU-wJ19C-1234,
45,Ek4U-m$uA-zRE9C-1234,
46,Xx16-k%eE-dPp9C-1234,
47,Be34-x*oU-mWe9C-1234,
48,Mc8N-p*aE-zPK9C-1234,
49,Wv3T-9$oU-cQ$9C-1234,
50,To1Y-3*eA-hNV9C-1234,
51,Sb68-m#aU-jBS9C-1234,
52,Vb1M-7&aU-sTR9C-1234,
53,Zj3Q-9^eA-nBp9C-1234,
54,Mx7B-8^uA-pZA9C-1234,
55,Dw2Q-t@aU-xJz9C-1234,
56,Zr5P-z$aU-wGh9C-1234,
57,Ns8N-k$aE-vZR9C-1234,
58,Ph4N-n&oE-fSd9C-1234,
59,Pn5W-f*uE-kMv9C-1234,
60,Yj87-g@uE-rG89C-1234,
61,Rc3Y-y$aA-xBk9C-1234,
62,Yq5J-h$oU-wFx9C-1234,
63,Kt3J-u%eU-pB29C-1234,
64,Km8N-n$oE-tJB9C-1234,
65,Qg4H-3$eA-rMh9C-1234,
66,Ck92-5%eE-qR29C-1234,
67,Qu8S-s%uA-wG^9C-1234,
68,Qj28-e^oA-kHk9C-1234,
69,Gu4P-d*uA-qRg9C-1234,
70,Ax92-d*eU-pCM9C-1234,
71,Va1M-a#eU-nWT9C-1234,
72,Bc5K-u$eA-xBa9C-1234,
73,Pk6G-f@aE-wZJ9C-1234,
74,Tq6M-e*uA-mJY9C-1234,
75,Ee66-h*uA-wPp9C-1234,
76,Sn2P-3#uU-cQZ9C-1234,
77,Zx45-7#oE-sTj9C-1234,
78,Bx9A-m@oU-sJN9C-1234,
79,Jt9M-s@aU-mCy9C-1234,
80,Jz9J-1@eA-pZ99C-1234,
81,Xy2J-f$aU-dMt9C-1234,
82,Mm2R-s@uE-vS$9C-1234,
83,Th53-3$aU-dRN9C-1234,
84,Qj78-x^uE-nZT9C-1234,
85,Yb97-k@uE-vSP9C-1234,
86,Se3S-n&uU-qK59C-1234,
87,Um8U-r#aE-cGE9C-1234,
88,Xt4U-p%aE-mHp9C-1234,
89,Vu2A-j%oU-bQc9C-1234,
90,Dn6S-2*oU-hM19C-1234,
91,Xr5W-6&eA-sTv9C-1234,
92,Ex2R-r*aU-tHw9C-1234,
93,Mv2S-k*eA-hQR9C-1234,
94,Fr4K-9^oA-qF19C-1234,
95,Nv1B-p*eE-nBt9C-1234,
96,Sp1D-h#oE-xKU9C-1234,
97,Ew71-g#uU-qNp9C-1234,
98,Wd91-h#uU-qDT9C-1234,
99,Et79-r*eU-tCT9C-1234,
100,Vv8U-o%eU-dXN9C-1234,
101,Xa97-1$eE-nGX9C-1234,
102,Mh5H-2#aE-sBV9C-1234,
103,Cw2R-d^eA-tPz9C-1234,
104,Am4G-6^eA-vNv9C-1234,
105,Po51-c$oE-pJk9C-1234,
106,Yd51-v&aA-sCs9C-1234,
107,Fp8Y-p#uU-rMj9C-1234,
108,Qc49-t*uU-gSK9C-1234,
109,Rb35-o*uE-rR69C-1234,
110,Wt42-g^uA-kFT9C-1234,
111,At7S-t&oE-vGU9C-1234,
112,Zw7M-9#uU-xMG9C-1234,
113,Uf1Y-k*aE-bJX9C-1234,
114,Yb5P-m$eE-mMU9C-1234,
115,Dr5W-5&uE-cCJ9C-1234,
116,Qc25-m&uA-rCb9C-1234,
117,Je67-y*eE-jWp9C-1234,
118,Ef6C-p*uA-wQ#9C-1234,
119,Ex99-5%eU-wHs9C-1234,
120,Kn7Y-m$eA-wXA9C-1234,
121,Az9F-2&oE-mVF9C-1234,
122,Fd3M-6^uA-gVe9C-1234,
123,Xu9U-x*aU-dBQ9C-1234,
124,Uh71-d%eA-nS$9C-1234,
125,An8F-9*eE-xV59C-1234,
126,Zh15-y#uA-fG19C-1234,
127,Ro7Y-m$eE-qD89C-1234,
128,Rg33-d#aA-wF89C-1234,
129,Ny1V-8@eA-xXb9C-1234,
130,Ae43-g&eA-kMx9C-1234,
131,Aj51-z&aU-wGF9C-1234,
132,Ky7Z-1@oU-zQZ9C-1234,
133,Kh59-z*aU-jBt9C-1234,
134,Uc1G-k*oA-jNR9C-1234,
135,Cg9S-a%uE-rK69C-1234,
136,Sw3Z-q%oE-vNa9C-1234,
137,Rc1B-b%uU-bHZ9C-1234,
138,Cv35-n^aE-gZC9C-1234,
139,Gb28-p@aE-qVx9C-1234,
140,Sy7J-u&eA-jCc9C-1234,
141,Yd5Z-q&uA-nVV9C-1234,
142,Rw2A-p@aU-mW39C-1234,
143,Fy8X-d$oU-zX%9C-1234,
144,Nx8Y-w^eU-gTd9C-1234,
145,Ey38-9&eE-jWn9C-1234,
146,Tk67-6@eA-qXC9C-1234,
147,Rf8C-m^oE-vB89C-1234,
148,Zr3G-a*eU-wBq9C-1234,
149,Wd8J-w&eU-sJq9C-1234,
150,Br4B-w@aE-cF29C-1234,
151,Kv8P-9$eE-cVS9C-1234,
152,Qz9H-f%uA-dJz9C-1234,
153,Bv5C-n@eA-wHT9C-1234,
154,Aa9Y-z$uU-mQT9C-1234,
155,Tc28-6^aA-pFw9C-1234,
156,Ck87-8^oE-nHh9C-1234,
157,Fz8N-x&aA-zNs9C-1234,
158,Po6U-d&aU-fQX9C-1234,
159,Jg4R-w#eU-mHQ9C-1234,
160,Js6V-z%oE-dQq9C-1234,
161,Uu6D-f&oE-zKJ9C-1234,
162,Ng6F-r*aE-qMB9C-1234,
163,Yk8Q-m@eE-vDM9C-1234,
164,Gu5N-1%eU-sQg9C-1234,
165,Jn6Y-7^aU-rWx9C-1234,
166,Dx17-w&eU-hG^9C-1234,
167,Zo3K-w@oA-zDY9C-1234,
168,Uo21-4&aE-wQQ9C-1234,
169,Zy18-p*eE-dDV9C-1234,
170,Hh6Q-c%aA-xKu9C-1234,
171,Hm7U-b^aU-pKJ9C-1234,
172,Cp88-f#uA-gGA9C-1234,
173,Rv97-t$oU-bR79C-1234,
174,Ab5Q-j*aU-rPV9C-1234,
175,Ea4H-w*eE-vN79C-1234,
176,Qo5W-c@aA-qF&9C-1234,
177,Ak8F-e$eU-cTf9C-1234,
178,Bw8V-6#uE-fN59C-1234,
179,Yr9W-3#uU-dPr9C-1234,
180,Bd7Y-6*oE-zQb9C-1234,
181,Ja1K-h#aA-kB^9C-1234,
182,Eo1C-4@uA-cJg9C-1234,
183,Ss7G-f*uE-tPo9C-1234,
184,Db6E-5%oA-mRT9C-1234,
185,Fb1K-s@uA-rTt9C-1234,
186,Ye8P-b^eU-xX%9C-1234,
187,Uo3F-u@uU-zCg9C-1234,
188,Cv35-k^uU-qZu9C-1234,
189,Ne4Y-o*oU-qQF9C-1234,
190,Mz2C-p&uU-kFX9C-1234,
191,Nx1G-6#oU-jC$9C-1234,
192,Ut8D-1#aU-dKx9C-1234,
193,Sf3C-q@eA-pDw9C-1234,
194,Zt5W-w$eU-sSq9C-1234,
195,Fo4K-7*uU-gQo9C-1234,
196,Go58-r^eE-qQR9C-1234,
197,Hh1F-x$uA-hB@9C-1234,
198,Qu8N-4$aE-rSR9C-1234,
199,Cr2W-c&uE-bFA9C-1234,
200,Xz95-p%uE-nTZ9C-1234,
201,Fx9N-v&aA-rXa9C-1234,
202,Tj47-9%oU-vPa9C-1234,
203,Yg4Y-e%eE-jGZ9C-1234,
204,Jc4P-y&aU-tVs9C-1234,
205,Uc5D-2*uU-zRZ9C-1234,
206,Xp89-u%uA-zJX9C-1234,
207,Wg2E-8%uU-kX^9C-1234,
208,Tm6Y-a$eA-dH39C-1234,
209,Dk2M-u%aA-cNs9C-1234,
210,Kd9Q-n#oE-rJX9C-1234,
211,Be1N-s#eE-mWq9C-1234,
212,Xu9F-e^uA-zHz9C-1234,
213,Ts2F-1#uE-hB#9C-1234,
214,Tw8G-v^eE-mKE9C-1234,
215,Pf1M-p@oU-wRr9C-1234,
216,Jw3Z-v&oU-xFu9C-1234,
217,Zy8J-f&aU-zB19C-1234,
218,Re4U-9^eA-qQ@9C-1234,
219,Dr64-q*aA-mRh9C-1234,
220,Tu89-m%eA-fRj9C-1234,
221,Jf3W-c$oA-jKN9C-1234,
222,Cw11-r#oA-xBj9C-1234,
223,Zb64-t#eU-vBR9C-1234,
224,Md6N-g^eE-qFj9C-1234,
225,Hj9F-z$oA-wKC9C-1234,
226,Yj4P-g*oA-rVE9C-1234,
227,Nt18-r*uE-nM19C-1234,
228,Cy9U-f*aA-sWS9C-1234,
229,Pz65-f%uE-cH99C-1234,
230,Km6T-b@uU-kKx9C-1234,
231,Qh2X-3#uA-kVf9C-1234,
232,Fu23-v*aU-pVj9C-1234,
233,Yj1G-a&oU-jMM9C-1234,
234,Ab84-2$uA-cRG9C-1234,
235,Uy4K-t^aA-qCe9C-1234,
236,Fe1V-x#uU-rME9C-1234,
237,Cs5W-5$uU-wFT9C-1234,
238,Vb9S-s@uE-kDC9C-1234,
239,Ub4N-e#uA-xTU9C-1234,
240,Fg5U-3@uA-tMs9C-1234,
241,St83-j%eA-kMB9C-1234,
242,Fp9S-t^eA-zFn9C-1234,
243,Ak66-e^oA-wTs9C-1234,
244,Xx2X-2&oE-pJq9C-1234,
245,Nj3N-1$oE-gCP9C-1234,
246,Dt6Z-g&aA-zPT9C-1234,
247,Mq3U-a^eA-vFT9C-1234,
248,Ab8G-u^eA-rGe9C-1234,
249,Jw77-o&oA-bHa9C-1234,
250,Yg74-6&eU-sJY9C-1234,
251,Ba3F-m%oA-hG&9C-1234,
252,Qp8Y-5%eE-vHR9C-1234,
253,Qj45-v*eA-hQV9C-1234,
254,Fe9E-4%uE-dZK9C-1234,
255,Px1H-2%uU-nTg9C-1234,
256,Xx7Q-m#aU-hJo9C-1234,
257,Un4K-p^eE-sP%9C-1234,
258,Kk8P-k$oA-qN@9C-1234,
259,De88-5@eE-qTU9C-1234,
260,Cu29-y%aA-sHZ9C-1234,
261,Pm1K-n^eE-qD$9C-1234,
262,Gw9A-a#eU-vCv9C-1234,
263,Cf51-w$uE-dBr9C-1234,
264,Qk65-7&eA-kPQ9C-1234,
265,Yy5U-p^aU-tW59C-1234,
266,Ax8P-b#aU-hV^9C-1234,
267,Mu2J-w%aA-hQ39C-1234,
268,Gf7K-o&oA-vRf9C-1234,
269,Gd4N-a%oE-mVX9C-1234,
270,Ga6R-z#oE-hZK9C-1234,
271,Ts5H-2%uU-hHp9C-1234,
272,Pq44-c*aE-mNK9C-1234,
273,Fn2D-t^aE-fFk9C-1234,
274,Mn86-u^oU-qZw9C-1234,
275,Pq7X-s&eE-fJx9C-1234,
276,Gm28-g^oA-dCg9C-1234,
277,Jd39-k%eU-zBQ9C-1234,
278,Wo3E-b$eA-nVV9C-1234,
279,Rf5P-1%uU-qDC9C-1234,
280,Xq79-j*eU-mMt9C-1234,
281,Ey8F-s#aA-kZj9C-1234,
282,Rp5S-g%aA-pSD9C-1234,
283,Gr3R-u@eE-cVz9C-1234,
284,Yn4P-g%oU-wV69C-1234,
285,Fm55-7#aA-wXQ9C-1234,
286,Xf7M-3%uA-jTf9C-1234,
287,Uk57-3$eA-sT^9C-1234,
288,Ke4U-6@eA-tNT9C-1234,
289,Wm9E-k&uA-rMp9C-1234,
290,Jw96-d$aE-mBV9C-1234,
291,Kx2N-z#aA-kBx9C-1234,
292,Fo4X-4%eU-kW29C-1234,
293,Wh8W-c*uA-mQJ9C-1234,
294,Aa7P-8$eE-fZ39C-1234,
295,Ad9R-g#oA-tZ89C-1234,
296,Fd2W-r#uU-mB29C-1234,
297,Zc1V-g^uA-rPx9C-1234,
298,Qd7F-2@uA-cDY9C-1234,
299,Sa32-w#uA-xK39C-1234,
300,Fn9A-j*aE-tDP9C-1234,
301,Hw7U-m%eU-mRf9C-1234,
302,Vb8K-6%eE-bT69C-1234,
303,Du3T-s^oA-bWg9C-1234,
304,Vw7Q-r*eE-gKq9C-1234,
305,Jy2Y-x$uU-rTC9C-1234,
306,Uw2U-u#uU-kX29C-1234,
307,Cs42-n&aE-gK@9C-1234,
308,Wo6S-b*oU-zMQ9C-1234,
309,Gc1Y-v&aA-wS&9C-1234,
310,Dx1A-3*oE-cKn9C-1234,
311,Jo2U-3&aA-qZJ9C-1234,
312,Jx4Z-z%eA-tM*9C-1234,
313,Cn5M-g&aA-wZU9C-1234,
314,Qf4P-f$aU-fFy9C-1234,
315,Qw53-3#oU-nQ59C-1234,
316,He6H-x#eU-pFG9C-1234,
317,Td1X-y*uU-cDr9C-1234,
318,Cx2M-r&uE-bMS9C-1234,
319,Ro8Z-n&eE-fDU9C-1234,
320,Ht4U-7%eA-mQj9C-1234,
321,Zz1C-1*aA-qM29C-1234,
322,Pd84-8*uA-rNH9C-1234,
323,Ge51-7*oA-xBV9C-1234,
324,Mt48-6^uA-nCw9C-1234,
325,By5N-r#oA-pMH9C-1234,
326,Fe8J-2*eE-nGr9C-1234,
327,Cq7Q-d@oU-fPz9C-1234,
328,Ut8Z-5$eA-pQd9C-1234,
329,Co9N-o@oE-pRW9C-1234,
330,Kw6F-r^aU-sXd9C-1234,
331,Jr4C-y&uA-vJn9C-1234,
332,Za4B-f%uU-vNu9C-1234,
333,Fs3Y-s^eU-hGq9C-1234,
334,No5C-g^eU-pZ$9C-1234,
335,Cm37-h&eU-qTy9C-1234,
336,Pv3M-9*aE-cRC9C-1234,
337,Ry6W-1#eU-jGw9C-1234,
338,Cg8J-v$aU-rSD9C-1234,
339,Vs72-z$eE-nX&9C-1234,
340,Ve7Y-u&eE-fM29C-1234,
341,Ag9T-n@oE-jTt9C-1234,
342,Xd8B-a^uE-sC#9C-1234,
343,Je5P-w^oU-kVq9C-1234,
344,Ru9G-v%aU-kVh9C-1234,
345,Dj7Y-1@aE-mNE9C-1234,
346,Pd9P-2&uE-hF19C-1234,
347,Ah8Q-q&eE-kCW9C-1234,
348,Zk3G-t*aE-vR@9C-1234,
349,Xy68-h%uA-qNm9C-1234,
350,Hj7A-v&uE-zZ39C-1234,
351,Vj1Q-4%eA-gMm9C-1234,
352,Dn3X-a@aA-fCw9C-1234,
353,Po6B-u%aU-jBU9C-1234,
354,Dn29-p*eE-gJ@9C-1234,
355,Tr6B-9*aU-vS59C-1234,
356,Kq8Z-6^uA-nJs9C-1234,
357,Dk6B-p*uU-hRe9C-1234,
358,Ws8C-s@aE-bNv9C-1234,
359,Vp2S-n&uA-hNH9C-1234,
360,Hv4B-5$oU-qWG9C-1234,
361,Yp2P-e^aU-fB39C-1234,
362,Rh39-d^aE-vM29C-1234,
363,Zq88-q&aA-qJM9C-1234,
364,Eh38-2$eA-pZ49C-1234,
365,Yd7W-y&oU-cK@9C-1234,
366,Em5D-b*aU-fTz9C-1234,
367,Te34-w&oE-fQG9C-1234,
368,Gp1T-s@eA-fGJ9C-1234,
369,Xm1H-a&eA-cRb9C-1234,
370,Yu2U-m^eE-dPk9C-1234,
371,Rz7B-c*eU-wSf9C-1234,
372,Cd8X-r#oA-cV79C-1234,
373,Sk59-5$uE-tS49C-1234,
374,Jk3B-c@aU-fNA9C-1234,
375,Kf1E-y@uU-xZh9C-1234,
376,Td1V-g%aE-sJz9C-1234,
377,Tc5E-b$uE-fQD9C-1234,
378,Kg5R-x*oU-jHS9C-1234,
379,Jk6H-k%eA-zQG9C-1234,
380,Zw18-b$uA-gSC9C-1234,
381,Vq5T-c@eE-jRY9C-1234,
382,Aw6N-8&uA-qJe9C-1234,
383,Jd6M-2%eA-rDh9C-1234,
384,Sv3F-j@oA-cKa9C-1234,
385,Vd3Y-h*aA-mM$9C-1234,
386,Rc4R-2*aA-dQh9C-1234,
387,Cw7R-o#oU-vHw9C-1234,
388,Ue5U-t%eA-mGc9C-1234,
389,Su5V-8^aA-mVg9C-1234,
390,Dz4Z-b&eE-qJ^9C-1234,
391,Cz7P-j#oA-tQ*9C-1234,
392,Jp53-x&uA-mN@9C-1234,
393,Pm7Q-j&eE-nFx9C-1234,
394,Gb4U-s*oE-kSw9C-1234,
395,Jq93-u*eE-jMv9C-1234,
396,Wo6V-n#aU-fD99C-1234,
397,Bo51-7@uA-pD@9C-1234,
398,Nr1K-j%aU-pTH9C-1234,
399,Vn9K-k%oA-tGz9C-1234,
400,Kt1F-o*eE-dD@9C-1234,
401,Jb36-4%aA-pZa9C-1234,
402,Ca8N-y*aE-bFG9C-1234,
403,Rb96-g@eE-zFr9C-1234,
404,Nt6B-9^aE-pRc9C-1234,
405,Cf4H-q&uE-mHw9C-1234,
406,Rs5G-3#eA-rZX9C-1234,
407,Qg5E-8^eE-gSa9C-1234,
408,Zs7C-6&eE-kXq9C-1234,
409,Tw8X-u*aU-pMu9C-1234,
410,Rj2S-f%uU-nGh9C-1234,
411,Hf9N-c^oU-wDY9C-1234,
412,Rv6X-o$aA-zMF9C-1234,
413,Ph6J-v%eE-tSD9C-1234,
414,Ab58-7#oA-rQw9C-1234,
415,Tv2E-3^eU-jXt9C-1234,
416,Gm8J-n@oA-xSa9C-1234,
417,Fy58-8#eA-tXf9C-1234,
418,Zv3E-x%aA-hQ*9C-1234,
419,Cr2E-h*uU-sW79C-1234,
420,Qp4G-e&aE-dK99C-1234,
421,Uz46-a&oE-dB29C-1234,
422,Sq6Q-w^oU-dMP9C-1234,
423,Cv88-a#oU-bMq9C-1234,
424,Yf2Q-r&eU-fKt9C-1234,
425,Ua1D-h^oA-mGY9C-1234,
426,To3J-a$eU-sK99C-1234,
427,Te8W-g&aU-kR&9C-1234,
428,Eb3D-3%uU-dC$9C-1234,
429,Po2X-1#uA-pJA9C-1234,
430,Wu8G-7*oA-qPp9C-1234,
431,Vf3Q-e*aA-dH89C-1234,
432,Ac2D-u#eU-zVW9C-1234,
433,Cq2Q-m@eA-gTW9C-1234,
434,Mm9J-s%eA-rRa9C-1234,
435,Mn2E-g&uE-jNR9C-1234,
436,Wn6Z-1*uU-dZ89C-1234,
437,Ku3Q-s&eA-cHb9C-1234,
438,Fk9W-z^oU-zWZ9C-1234,
439,Ae6R-s^uU-kBh9C-1234,
440,Mj34-2#eU-hJa9C-1234,
441,Rn6K-q$uU-qPq9C-1234,
442,Mh47-r^eA-zJg9C-1234,
443,Gy2M-9@oU-gFq9C-1234,
444,Br43-u#aE-qQ79C-1234,
445,Xr8E-z$eE-nPK9C-1234,
446,Yf35-d$eE-fS59C-1234,
447,Ax8B-2%oU-bF99C-1234,
448,Pz21-n$uA-vZQ9C-1234,
449,Fm49-3@eA-zBK9C-1234,
450,Ys67-b^uA-zVk9C-1234,
451,Cq2Z-6*aU-wDz9C-1234,
452,Tz2A-3*aE-hNc9C-1234,
453,Xh6B-p#eA-cPW9C-1234,
454,Sh4W-8^uA-nGQ9C-1234,
455,Vv8S-5@oA-sHK9C-1234,
456,Fm7P-3%oU-sRA9C-1234,
457,Vh8D-d^oE-dKC9C-1234,
458,Xj3Y-8@eU-nTw9C-1234,
459,Me8B-y%oE-zZr9C-1234,
460,Pf4U-w^oA-zNn9C-1234,
461,Yp75-5^uA-xS99C-1234,
462,Sd41-n$aE-nGv9C-1234,
463,Vy4Y-c#oU-rBP9C-1234,
464,Su5Y-1^uU-xS@9C-1234,
465,Rx84-7$oU-qJr9C-1234,
466,Nr44-n^aE-cG99C-1234,
467,By96-t%oA-zSs9C-1234,
468,Ry4C-p$aE-rBa9C-1234,
469,Gc5U-b*uA-vB29C-1234,
470,Sb7Q-3&eA-rKD9C-1234,
471,Qf3R-h@eE-kGs9C-1234,
472,Hz3Q-2%uA-kK39C-1234,
473,Zq9B-4%oE-xNh9C-1234,
474,Td8X-m%oA-qFW9C-1234,
475,Py74-3^oE-tG&9C-1234,
476,Gk8U-y$oU-cP79C-1234,
477,Ws47-8&uU-vXm9C-1234,
478,Hm4R-2&eE-pCh9C-1234,
479,Ro3R-j^eE-rWy9C-1234,
480,Xv5X-n*oE-dDG9C-1234,
481,Kc6R-s#oU-tT79C-1234,
482,Tk96-x$eA-kMv9C-1234,
483,Gr3X-x%eE-wZu9C-1234,
484,Yx4C-g&uU-bGX9C-1234,
485,Ag7G-2&oE-fWQ9C-1234,
486,Js6U-d$uU-wH*9C-1234,
487,Nb4K-7*oA-xT%9C-1234,
488,Aw61-w^uE-mBZ9C-1234,
489,Dy6U-a@aU-hK$9C-1234,
490,De27-k#eE-pP$9C-1234,
491,Kg62-h$eA-tWc9C-1234,
492,Pt2E-d@uE-wQM9C-1234,
493,Sb5V-r^eE-hPt9C-1234,
494,Tw36-7&eE-hBQ9C-1234,
495,Un5U-t@uA-xBt9C-1234,
496,Ro7M-b$eU-cPm9C-1234,
497,Dn45-3$aA-jJ69C-1234,
498,Uy5D-3@uE-xMs9C-1234,
499,Ed7D-y&oU-nN29C-1234,
500,Ys8B-5*oA-kQZ9C-1234,
501,Pm5K-5&uU-vNe9C-1234,
502,Ks9V-y^uA-gTo9C-1234,
503,Tj71-4#oA-hT*9C-1234,
504,Wp5C-x@aU-xHj9C-1234,
505,Wr54-c@oU-qH49C-1234,
506,Bu1E-t#aA-tBF9C-1234,
507,Qm6U-4@oU-fN89C-1234,
508,Mx5E-y&uU-dRa9C-1234,
509,Gg5A-g&eA-gFQ9C-1234,
510,Bm5U-1^uU-kN39C-1234,
511,Sn47-x#oA-jCy9C-1234,
512,Zs6X-c@aE-rVj9C-1234,
513,Fx5T-9$uE-kD99C-1234,
514,Hz7Y-c%uE-hMR9C-1234,
515,Vm7E-k&oA-zRw9C-1234,
516,Xc5K-y%uE-jJW9C-1234,
517,Ae63-c%uE-zJD9C-1234,
518,Xe7T-b@aE-tBs9C-1234,
519,Hf6V-2^uE-sZr9C-1234,
520,Vd6J-2^uA-pZA9C-1234,
521,Wx47-4&oA-sQb9C-1234,
522,Rb96-3^aA-nMp9C-1234,
523,Yf8C-s@oA-cK99C-1234,
524,Np1M-f%oU-fNC9C-1234,
525,Tt8D-s#oA-pWu9C-1234,
526,Yd51-f#uE-kXA9C-1234,
527,Pw2F-3%eU-zGp9C-1234,
528,Ve6W-d$eU-gGM9C-1234,
529,Aw1D-u%aU-tVk9C-1234,
530,Yf8B-m^oA-nRT9C-1234,
531,Ab5K-6%oU-dZQ9C-1234,
532,Gp32-8^aA-dND9C-1234,
533,Sx4U-5^aU-hP&9C-1234,
534,Zz1B-a&oU-bCU9C-1234,
535,Za5U-9@aA-tMq9C-1234,
536,Jn6B-u*uA-pFe9C-1234,
537,Xn6M-f^aA-hBj9C-1234,
538,Bm3J-s*aE-fHB9C-1234,
539,Tn7F-7#oU-wSP9C-1234,
540,Bs8J-j#eU-wR29C-1234,
541,Bx6D-c&aU-dDq9C-1234,
542,Mv56-e^oA-wFm9C-1234,
543,Tc5Q-y&eU-rHg9C-1234,
544,Kk5N-g^aU-qNs9C-1234,
545,Vq13-g%uE-cS29C-1234,
546,Pk82-c*uE-wTZ9C-1234,
547,Ck35-b#eA-hWM9C-1234,
548,Jh9V-s^uU-gHj9C-1234,
549,Km53-6@oE-qXh9C-1234,
550,Mc9P-x*oA-bMv9C-1234,
551,Cn5M-b%eA-mDc9C-1234,
552,Mc4Z-7&oE-qK59C-1234,
553,Pb4D-k^uE-bC79C-1234,
554,Zu9Y-6*oE-cMR9C-1234,
555,Gr3J-g^oU-mG^9C-1234,
556,Pb3X-p#aE-gH49C-1234,
557,Yn82-1%aU-hNK9C-1234,
558,Ut14-g#aU-dCK9C-1234,
559,Qk95-k^uA-vTt9C-1234,
560,Tb41-p*uE-xFM9C-1234,
561,Yu4C-9*aE-kKD9C-1234,
562,Sc8X-v@aA-gCx9C-1234,
563,Dp81-u$uU-qR^9C-1234,
564,Dz6H-q*uA-rGz9C-1234,
565,Wz6B-o$oE-cX69C-1234,
566,Jv5K-4#eA-bGb9C-1234,
567,Ge1Q-h$uU-mMm9C-1234,
568,Wb3K-8&aU-sZn9C-1234,
569,Zr4H-r$oU-vNk9C-1234,
570,Xq1D-t&oA-dVW9C-1234,
571,Ya6D-z@eA-zKv9C-1234,
572,Mo8Q-x$aE-sKs9C-1234,
573,Uc7H-4#eE-tJ&9C-1234,
574,Jf98-8%eE-nVS9C-1234,
575,Mg9S-2#aA-cXg9C-1234,
576,Fu16-q&uA-xHn9C-1234,
577,Us9U-e*uU-jKy9C-1234,
578,Cv7V-2%eA-wTh9C-1234,
579,Sa7X-w@aE-wMh9C-1234,
580,Nb5A-3@uE-hQB9C-1234,
581,Na32-3^eE-bHF9C-1234,
582,Cv51-3&oA-zHN9C-1234,
583,Pg27-9&uA-qXq9C-1234,
584,Mb7P-d$aU-wV79C-1234,
585,Wt7W-g&aA-hGQ9C-1234,
586,Zw2P-7$uA-dKp9C-1234,
587,Gy6Z-b*aE-qQ^9C-1234,
588,Gd1P-3^eA-wXP9C-1234,
589,Ct2U-f$oU-hDn9C-1234,
590,Zt3N-9#uE-wF59C-1234,
591,Gk3C-v^uU-hXF9C-1234,
592,By2C-g%oA-qSf9C-1234,
593,Ak3R-9^oU-jD&9C-1234,
594,Zb9R-d#uE-wJw9C-1234,
595,Am18-n$oU-pK79C-1234,
596,Zx7K-h^uU-mNn9C-1234,
597,Ze29-h^aA-qR69C-1234,
598,Yu8W-m^eE-xHd9C-1234,
599,Ub6R-c&eA-pS$9C-1234,
600,Kk1U-c@eU-jPY9C-1234,
601,Xs6N-c%aA-wRU9C-1234,
602,Cv3D-4@eU-sC39C-1234,
603,Un5Z-d&oE-jN19C-1234,
604,Ww4D-8%oE-cGW9C-1234,
605,Xa87-o%oA-hH59C-1234,
606,Zj4U-u^eU-jZr9C-1234,
607,Zo2P-g*aU-bQj9C-1234,
608,Tt2V-z@oA-qV19C-1234,
609,Pu3N-9^aU-qSt9C-1234,
610,Ah44-s&aE-gMa9C-1234,
611,De38-7&eA-hQH9C-1234,
612,Ce4B-6*uA-sZF9C-1234,
613,Pa55-o#aA-cMw9C-1234,
614,Zb6N-v$aU-cWC9C-1234,
615,Jv17-m*aE-kNM9C-1234,
616,Pw6J-c$uE-kVg9C-1234,
617,Ck4U-1@aU-xG79C-1234,
618,Sb2G-x%uE-rKm9C-1234,
619,Kc5V-j@oU-bF$9C-1234,
620,Ag8D-z@oE-tR^9C-1234,
621,Ch5Y-m&oA-nWT9C-1234,
622,Bq5G-7@uE-xN^9C-1234,
623,Qk3R-p*oU-bMc9C-1234,
624,Gn77-o@aA-wW99C-1234,
625,Qd84-x^oU-mPX9C-1234,
626,Rx19-7*oE-gPk9C-1234,
627,At65-r&eE-xWN9C-1234,
628,Vc1R-4@aA-kNv9C-1234,
629,Cc5P-3*uE-qHf9C-1234,
630,Ao2M-9*aE-qGC9C-1234,
631,Wc7G-5@uU-wBM9C-1234,
632,Uv5E-p#oA-vHN9C-1234,
633,Jm9E-h$eA-pV99C-1234,
634,Qv9C-m#aE-pJ89C-1234,
635,Pd6N-a*eA-rNq9C-1234,
636,Ah5Y-w$eU-wTd9C-1234,
637,En45-c$uA-zMu9C-1234,
638,Zf3A-8#oA-cPu9C-1234,
639,Sd5A-y^uE-tRf9C-1234,
640,Av2A-3*eU-dZ@9C-1234,
641,Rv5K-p@oU-vCc9C-1234,
642,Ws3W-o@oU-bVU9C-1234,
643,Ut3T-6#oE-hQQ9C-1234,
644,Ys21-m@oU-gPG9C-1234,
645,Hc9Z-6@aA-qDA9C-1234,
646,Vu18-f$uU-pSs9C-1234,
647,Ay1H-e#aA-hMS9C-1234,
648,Dh7N-p%aU-wVZ9C-1234,
649,Vz24-r%eA-cTV9C-1234,
650,Tu3G-5#uA-cBP9C-1234,
651,Mo57-a$oU-xS79C-1234,
652,Dj6R-7^uA-pPZ9C-1234,
653,Wc4D-u*oE-zHh9C-1234,
654,Ff7W-m*uA-qKG9C-1234,
655,Xs7U-f@oE-nJq9C-1234,
656,Qr24-m@eA-gPe9C-1234,
657,Ex9V-x*aA-bRh9C-1234,
658,Gk2R-v^aA-hWa9C-1234,
659,Xw76-d&oA-hTv9C-1234,
660,De5F-b@uE-pPd9C-1234,
661,Vk3K-9@oU-sQ&9C-1234,
662,Rc2D-6&oE-wF99C-1234,
663,Xf2E-p@aA-vN99C-1234,
664,Hy21-h$aE-kGE9C-1234,
665,Hz95-d&uE-jBz9C-1234,
666,So5C-b^eA-jGS9C-1234,
667,Ze9G-7@oE-xZZ9C-1234,
668,Hq5D-y%uA-tRV9C-1234,
669,Bw7S-o%aE-xHS9C-1234,
670,Ub6Q-p&eE-sPx9C-1234,
671,Hc3N-m@eA-hJG9C-1234,
672,Uz46-q*eE-cZ&9C-1234,
673,Hm5X-y@uU-vBq9C-1234,
674,Fd6U-3^aE-wB$9C-1234,
675,Vz9N-o*oA-mX59C-1234,
676,Jb8E-w$eE-kSw9C-1234,
677,Mu33-k*oE-qCQ9C-1234,
678,Vf4U-a&uE-vTS9C-1234,
679,Ar99-k$oA-gQx9C-1234,
680,He48-3$uU-cXz9C-1234,
681,Bh3Q-a&aA-bVH9C-1234,
682,Bo41-2$eA-nJ79C-1234,
683,To5W-f#oA-xXU9C-1234,
684,Fp8F-q#oU-rQe9C-1234,
685,Wz13-9@oU-hX29C-1234,
686,Ws9M-y*aA-bS&9C-1234,
687,Gq22-9$uU-tVj9C-1234,
688,Mt5X-4^oE-rMA9C-1234,
689,Fo1V-q&uE-nVF9C-1234,
690,Yd2J-u$aE-cJ79C-1234,
691,Fu8F-t&oE-bRk9C-1234,
692,Nk5H-e*aE-jQX9C-1234,
693,Yq1H-9&eE-qMU9C-1234,
694,Pw7Y-k^uU-nJ49C-1234,
695,Hx9Y-1%oU-xJY9C-1234,
696,Kp46-6#uA-gRR9C-1234,
697,Ty2N-s%eU-kRj9C-1234,
698,Dp3S-n#oA-pWe9C-1234,
699,Vr82-g$uE-bK#9C-1234,
700,Jx51-f@oE-hC#9C-1234,
701,Gd71-b#uA-qXC9C-1234,
702,Gn6U-s%uE-rWp9C-1234,
703,Tp32-q^uA-mWb9C-1234,
704,Fw1B-g*eU-xQJ9C-1234,
705,Rv7E-9%aE-kX89C-1234,
706,Qr3K-w*aU-nBT9C-1234,
707,Se9Z-h#aE-xQ*9C-1234,
708,Hg2P-r%aE-fHM9C-1234,
709,Tv8A-g*oA-bK79C-1234,
710,Wy6T-f%uU-hKA9C-1234,
711,Tm2B-o@eE-jC89C-1234,
712,Ho3K-u&uE-tXK9C-1234,
713,Wh27-1#eU-fGA9C-1234,
714,Re6G-u*eE-jSf9C-1234,
715,Bk3R-o^oE-zX49C-1234,
716,Aj5D-c&oU-tSd9C-1234,
717,Av3Q-1^eU-sH99C-1234,
718,Af9Q-9&eU-nZ19C-1234,
719,Hx5U-d*oU-bB89C-1234,
720,Wt1A-z%uE-zTn9C-1234,
721,By2P-t#eE-vWD9C-1234,
722,Mv9P-q$oU-kCt9C-1234,
723,Er3T-1*uA-hVA9C-1234,
724,Rc6G-9#uA-qRp9C-1234,
725,Kk5F-o&uU-kB%9C-1234,
726,Ve6C-7@uU-kRg9C-1234,
727,Fu5Y-r%eE-dKb9C-1234,
728,Qu47-u#oE-tB#9C-1234,
729,Uk19-x$uE-xFk9C-1234,
730,Va45-b#aE-dSr9C-1234,
731,Xz1X-s*eA-pCQ9C-1234,
732,Hu6X-h$eU-sCk9C-1234,
733,Fx3Y-2$eE-cB29C-1234,
734,Vo1Z-5#aA-rJM9C-1234,
735,Gq2H-4@aA-nQP9C-1234,
736,Gn4Z-u*eU-cWn9C-1234,
737,Xc2Z-s#aU-mGm9C-1234,
738,Uq85-d#aE-qM19C-1234,
739,Ga8B-3@oE-rGf9C-1234,
740,Mj5W-j#aA-zP19C-1234,
741,Uv52-r%eU-jX99C-1234,
742,Nv5A-5#oA-pJa9C-1234,
743,Hg6T-t*oU-hR99C-1234,
744,Bn5U-5$eU-vVv9C-1234,
745,Mx5Y-e#uE-nBN9C-1234,
746,Jn3V-c&eE-nSP9C-1234,
747,Rd9V-8^oU-sJK9C-1234,
748,Nd48-5$oU-jPc9C-1234,
749,Tv6W-t#oA-wSd9C-1234,
750,Pk6B-c&aU-qTp9C-1234,
751,Kx83-f$eE-gTV9C-1234,
752,Jt74-d#uU-sKG9C-1234,
753,Zs86-3#uA-mSv9C-1234,
754,Bh87-q$uU-bDo9C-1234,
755,Jp2N-6#eA-zPw9C-1234,
756,Vg36-f%oU-hGR9C-1234,
757,Hq6Z-f$eU-rH89C-1234,
758,Bc4R-r^uU-sPr9C-1234,
759,Cw9Q-t^aU-vFS9C-1234,
760,Ss2H-q&aA-dD&9C-1234,
761,Zk4J-w&uU-mK#9C-1234,
762,Va52-j%oE-jTr9C-1234,
763,Mt53-s&oE-nM99C-1234,
764,Ge2U-f@eE-dDs9C-1234,
765,Ck7W-t*oA-kSp9C-1234,
766,Qt37-b@aA-nWC9C-1234,
767,Br6C-c*eA-pS#9C-1234,
768,Pk6T-9$aU-jBn9C-1234,
769,Un5R-e#uE-bRj9C-1234,
770,Er1K-v%aA-jRA9C-1234,
771,Ht4B-j#aU-dNj9C-1234,
772,Ez9Z-t^oA-bJs9C-1234,
773,Fm53-r%oA-rZU9C-1234,
774,Ed6K-x&oA-zMU9C-1234,
775,Vj74-o$uU-hSV9C-1234,
776,Rf66-x^eE-dGr9C-1234,
777,Cq91-s^eE-qJ&9C-1234,
778,Fs7D-4#aE-xGj9C-1234,
779,Xy56-2@oU-jTS9C-1234,
780,Zc1R-m*aE-pGm9C-1234,
781,Ez2J-9*eU-fWQ9C-1234,
782,Ma14-z@eE-zV49C-1234,
783,Ff7S-w@oA-vQ39C-1234,
784,As69-h$uU-cP#9C-1234,
785,Jr89-b$eU-pQ@9C-1234,
786,Yy23-y$uU-jTK9C-1234,
787,Cd8T-z$aU-kN79C-1234,
788,Ak4R-2&eE-bHg9C-1234,
789,Wc9S-n#uA-vXm9C-1234,
790,Wj2D-y&uA-bPq9C-1234,
791,Up3Z-w*uE-xKA9C-1234,
792,To1V-y*eA-nJ@9C-1234,
793,Zv5R-d%eU-gGx9C-1234,
794,Kp2S-u^aU-gWp9C-1234,
795,Bw8P-g$oE-bZS9C-1234,
796,Jz7T-m$aE-nRy9C-1234,
797,Hm4Z-5$oE-wK%9C-1234,
798,Hc9A-z$oA-tXx9C-1234,
799,Yj4W-t#eA-wWT9C-1234,
800,Jt5Y-b#eU-jX@9C-1234,
801,Jq5P-y$eU-zMZ9C-1234,
802,Wa9G-5*uE-bSN9C-1234,
803,Do4D-4*eE-vQK9C-1234,
804,Bk94-p@aA-gJM9C-1234,
805,Fk7Z-a@uU-pWj9C-1234,
806,Wp93-h@eU-dQd9C-1234,
807,Bn8Q-e@uE-fMY9C-1234,
808,Hc5A-r#uE-wV&9C-1234,
809,Dh26-y@uA-cP&9C-1234,
810,Ts7M-f#uE-tXC9C-1234,
811,Ye6M-h&oE-mDw9C-1234,
812,Br79-c@eE-nXS9C-1234,
813,Kc1P-d$aE-wC69C-1234,
814,Nc3X-s&oU-rDD9C-1234,
815,Wa45-q*oA-bSw9C-1234,
816,Vt2A-w%oA-pF89C-1234,
817,Na5M-p%aE-pPw9C-1234,
818,Nc8D-u*aA-mGa9C-1234,
819,Fe7Q-d^aE-sH89C-1234,
820,Gk2W-h%uE-qSH9C-1234,
821,Fc97-b*aU-dNu9C-1234,
822,Tc6E-x%uE-pVK9C-1234,
823,Qx1M-w$uU-wZX9C-1234,
824,Gj5J-x*uA-zDV9C-1234,
825,Uz5E-j#eU-dT*9C-1234,
826,Yx83-d*oE-dKr9C-1234,
827,Ep7U-2%oE-hDF9C-1234,
828,Ks5M-z$uA-fVr9C-1234,
829,Vx33-1&eU-cJc9C-1234,
830,Da6K-e&aU-pTn9C-1234,
831,Kp5P-x&aA-nTd9C-1234,
832,Zj81-j&oE-nXa9C-1234,
833,Rm5K-3&oE-nRH9C-1234,
834,Td8Y-o@eU-hW@9C-1234,
835,Zy1X-a&uU-vH49C-1234,
836,Nj4U-v*oA-zK$9C-1234,
837,To1B-t&oA-dRp9C-1234,
838,Hj6F-5*uU-pB@9C-1234,
839,Cf67-k#aE-gM%9C-1234,
840,Fg3T-7@eA-mQm9C-1234,
841,Kx2F-d%aU-bJG9C-1234,
842,Zm15-t%oU-gNY9C-1234,
843,Py5V-8%aA-wCn9C-1234,
844,Mx6D-5^aE-kSx9C-1234,
845,Py5G-9@uU-nQN9C-1234,
846,Dw8M-v@eU-sQ39C-1234,
847,Av48-r$eE-zXb9C-1234,
848,Cb1R-c&aE-rCn9C-1234,
849,No7R-1#oU-mQG9C-1234,
850,Rz1N-n^eE-tGM9C-1234,
851,Gk5G-v%eU-vVW9C-1234,
852,Xt7K-c$oE-dWB9C-1234,
853,Xq7U-b#eE-cM99C-1234,
854,Au8H-c$uU-gGy9C-1234,
855,Pr1G-1*uE-zS39C-1234,
856,Hs7S-9@oU-sSE9C-1234,
857,Ty1X-8$uU-cR19C-1234,
858,Bx4R-o$uE-nG@9C-1234,
859,Xs9X-e%aA-jCE9C-1234,
860,Sz5J-k&uU-gRM9C-1234,
861,Wo7H-e*uU-wNg9C-1234,
862,Yv91-j#aE-hSo9C-1234,
863,Zj8G-6#eU-rNY9C-1234,
864,Wh7Q-d&eA-tB%9C-1234,
865,Ac4R-y$oA-xSd9C-1234,
866,Gd69-n&aU-dW49C-1234,
867,Kp69-6@aE-qHs9C-1234,
868,Uq91-4%uA-pCc9C-1234,
869,Bo7E-9&oE-mFs9C-1234,
870,Nk2S-y#aE-qGV9C-1234,
871,Qa2T-c$aA-hVz9C-1234,
872,Uu1W-y#uE-cBf9C-1234,
873,Wv5P-b#eU-qV59C-1234,
874,Qf9V-f&aE-tW19C-1234,
875,Ve4P-p&uE-gSx9C-1234,
876,Rf6U-k^eA-cMy9C-1234,
877,Sy5D-v*uU-vSx9C-1234,
878,Vw72-v%aA-nFJ9C-1234,
879,Ns3U-j@aU-wR19C-1234,
880,Ps4D-9&uE-rFA9C-1234,
881,Eh4X-d^aE-dHQ9C-1234,
882,Ru3Z-a&uA-dZf9C-1234,
883,Mb9N-x$aE-nXj9C-1234,
884,Zt4S-7$eU-zQt9C-1234,
885,Hu51-5^oA-kSp9C-1234,
886,We54-v*oE-dQC9C-1234,
887,Hv37-w@aE-qR29C-1234,
888,Yb5X-6^uE-qPW9C-1234,
889,Ep5W-p@aU-zBU9C-1234,
890,Fp6K-7%oE-hBv9C-1234,
891,Ht22-r$eA-cJQ9C-1234,
892,Bo8F-z%aE-sZD9C-1234,
893,Fb9U-c$eE-zRJ9C-1234,
894,Js95-e^uA-wNg9C-1234,
895,Ek7Q-5@eA-kVz9C-1234,
896,Nd15-x@aE-bVB9C-1234,
897,Rd2T-x^uE-nMh9C-1234,
898,De8Y-t*uU-xQH9C-1234,
899,Dj59-4^oU-fM#9C-1234,
900,Tw4T-g$aU-mDN9C-1234,
901,Rz9N-2#oA-zRG9C-1234,
902,Fa9W-y#aE-hGo9C-1234,
903,Ry32-g&aE-fVM9C-1234,
904,Zx7D-q&oA-bX29C-1234,
905,Fv29-9*oA-hZA9C-1234,
906,Ze3D-w#oU-sNS9C-1234,
907,Fe8C-3@eA-fKh9C-1234,
908,Dt7V-j^uU-qX*9C-1234,
909,Mu4S-x^oA-gZU9C-1234,
910,Kk6U-q&uA-rM49C-1234,
911,My63-2*uA-sVz9C-1234,
912,Yj6E-h$aA-nPX9C-1234,
913,Xp23-f%aE-mMz9C-1234,
914,Eb1E-c$oE-gHn9C-1234,
915,Vv5J-b^uA-dDP9C-1234,
916,Tw88-r*eE-tCS9C-1234,
917,Jr98-2*eE-qJE9C-1234,
918,Hn7P-k^oU-gC*9C-1234,
919,Ue8U-6&uA-dSj9C-1234,
920,Ah41-s*aA-gN%9C-1234,
921,Kt26-z^oA-wDs9C-1234,
922,Ar1D-4#aU-dG59C-1234,
923,Vt3W-4&uA-zWC9C-1234,
924,At66-d^uE-kNS9C-1234,
925,Hz6U-y%uE-kW39C-1234,
926,Kh7P-p#eE-cMH9C-1234,
927,Yt9F-9$uE-cFG9C-1234,
928,Dq8J-b&aA-zNB9C-1234,
929,Rc7F-v^uA-qHp9C-1234,
930,Jk4X-g*aU-nQ@9C-1234,
931,Hw3E-m%aE-rF89C-1234,
932,Ao5X-s@uU-kGH9C-1234,
933,Aa5M-6#aE-cCq9C-1234,
934,Zw5G-a$eE-xXc9C-1234,
935,Uh4P-m$eU-cF89C-1234,
936,Jb7R-h%uU-rQ59C-1234,
937,Ch78-b$aU-nJj9C-1234,
938,Jv8J-j@aE-mPK9C-1234,
939,Hf7E-j%aE-kZU9C-1234,
940,Wy1A-m&aE-tV^9C-1234,
941,Nq1B-4&aU-pNF9C-1234,
942,Yy3F-p&eE-pT59C-1234,
943,Xz3H-n@aA-tMk9C-1234,
944,Rt83-w%uU-dBP9C-1234,
945,Sk19-t&aA-pCe9C-1234,
946,Sh79-6@eA-hP$9C-1234,
947,Qx3K-3%oU-hQW9C-1234,
948,Br5G-4^uA-hKw9C-1234,
949,Sn19-b%uE-cXr9C-1234,
950,Nk4F-x#oA-dNw9C-1234,
951,Sm1C-7^oA-rN#9C-1234,
952,Ao67-g@eA-mW99C-1234,
953,Jq41-s*eE-tZ%9C-1234,
954,Eg7K-k*uU-rVR9C-1234,
955,Cs49-a*eE-fG@9C-1234,
956,Zu1S-c$oA-fNx9C-1234,
957,Dm4W-o$eU-tCF9C-1234,
958,Hj3E-u&uE-xSe9C-1234,
959,Fq7Y-e$aE-kRp9C-1234,
960,Uu24-7#uA-tDz9C-1234,
961,Yp5C-1^oE-nS@9C-1234,
962,Rp37-k$aU-cH^9C-1234,
963,Sr2V-p@eA-jZP9C-1234,
964,Ax5G-y@aA-vRK9C-1234,
965,Pz31-c^uE-gT29C-1234,
966,Hp9Q-1&aU-sVF9C-1234,
967,Ds47-o$eA-nWY9C-1234,
968,Yb39-d$oE-rQq9C-1234,
969,We2N-b@eU-mWy9C-1234,
970,Uz3E-p&eU-dJv9C-1234,
971,Su6N-f*oA-fMT9C-1234,
972,Sd2B-o*aE-jQt9C-1234,
973,Tn5U-5^eA-xPT9C-1234,
974,Vs1G-s^aE-hJx9C-1234,
975,Fn11-w#oE-cD%9C-1234,
976,Nu1V-3%aE-hCW9C-1234,
977,Hu5Y-3$uA-qCp9C-1234,
978,Dg69-o$uA-tSM9C-1234,
979,Pc6P-u%oU-sT89C-1234,
980,Kg7E-a$aU-jT49C-1234,
981,Qr9A-c@eU-nTG9C-1234,
982,Fb9R-e#eU-bNv9C-1234,
983,Hh2N-a&uA-bW39C-1234,
984,Uv7W-p^aE-vJJ9C-1234,
985,Sb98-j$aA-vGK9C-1234,
986,Kc67-q@aA-jPj9C-1234,
987,Wy2Z-o$oA-bKP9C-1234,
988,Zt2X-d^oA-nTw9C-1234,
989,Dx9T-h$eU-dFK9C-1234,
990,Mv4F-v&eE-vSC9C-1234,
991,Bc2E-2@uA-pQq9C-1234,
992,Mr87-x#oE-zDM9C-1234,
993,Xv4V-r^oA-dDs9C-1234,
994,Pj3K-3^aU-fSN9C-1234,
995,Uf4R-2^oE-xFf9C-1234,
996,Xn25-m*oU-sW39C-1234,
997,Yy8J-j@aE-dQX9C-1234,
998,Uf6N-5*aU-dRJ9C-1234,
999,Um48-p^aU-dBJ9C-1234,
